ZIPCODE,SVI_HC_Disability,SVI_HC_English,SVI_HH_SingleParent,SVI_SS_Poverty,SVI_SS_No_HS,SVI_HT_MultiUnit,SVI_HT_Crowding,SVI_HT_MobileHomes,SVI_SS_HousingBurden,SVI_HT_NoVehicle,SVI_SS_No_Health_Ins
63005,6.08,0.52,5.25,4.01,0.87,4.19,0.36,0,27.51,1.07,2.17
63010,13.34,0.84,25.92,11.23,8.87,5.1,1.2,6.53,35.94,3.56,7.62
63022,9.34,1.38,12.43,4.54,2.88,5.79,0.62,0.16,49.23,3.83,2.68
63011,9.34,1.38,12.43,4.54,2.88,5.79,0.62,0.16,49.23,3.83,2.68
63012,9.33,0,28.9,6.05,4.41,0,2.49,4.27,27.73,0.58,3.84
63013,11.77,0,10.85,6.02,9.56,0,0,4.53,,0,0.9
63014,42.82,0,82.2,17.7,4.36,0,0,34.33,20.83,0,1.26
63015,12.8,0,47.04,16.51,12.91,2.08,1.95,16.85,40,4.54,12.31
63016,14,0.11,33.81,15.81,11.87,0.98,0.79,16.51,28.53,2.55,7.21
63017,7.66,0.89,11.78,5.4,1.86,13.01,1.24,0.5,44.42,3.71,2.53
63006,7.66,0.89,11.78,5.4,1.86,13.01,1.24,0.5,44.42,3.71,2.53
63019,16.42,0,30.52,13.65,7.86,5.28,1.76,0,48.85,10.5,7.13
63020,16.87,0.18,35.66,18.85,13.09,1.43,1.11,5.57,43.62,3.95,8.82
63024,8.35,0.92,14.34,6.4,2.71,8.21,1.14,0.13,43.15,1.85,5.5
63021,8.35,0.92,14.34,6.4,2.71,8.21,1.14,0.13,43.15,1.85,5.5
63023,16.06,0,34.14,22.97,19.86,0,0,14.6,81.53,1.55,8.14
63025,9.39,0,8.87,2.41,3.22,5.96,0.6,1.3,21.65,3.66,0.99
63026,13.52,0.51,19.81,10.71,8.29,3.7,2.37,12.64,33.56,3.96,5.73
63047,16.89,0.15,22.27,14.45,9.35,3.98,0.82,10.36,32.28,4.99,8.75
63028,16.89,0.15,22.27,14.45,9.35,3.98,0.82,10.36,32.28,4.99,8.75
63030,19.82,0,0,46.55,23.4,0,0,14.04,100,11.43,12.91
63031,11.12,0.98,38.57,15.17,8.35,5.78,1.57,0.3,51.11,3.91,7.45
63033,14.76,0.74,44.44,17.52,7.99,13.61,0.69,0.28,52.53,10.16,7.68
63032,14.76,0.74,44.44,17.52,7.99,13.61,0.69,0.28,52.53,10.16,7.68
63034,13.63,0.46,32.76,8.03,5.28,0,0.98,0.69,34.91,0.74,3.67
63036,12.59,0,0,8.08,9.26,0,0,49.28,25.69,0,0.94
63037,14.55,0,29.37,16.55,14.69,2.6,0.41,8.92,16.67,2.38,6.73
63038,6.03,0.58,10.65,4.22,1.78,0.43,0,0.61,28.92,0.86,2.39
63039,8.36,0,100,31.79,14.35,0,0,9.74,0,5.17,15.35
63040,6.51,0.54,21.8,3.52,0.97,10.52,0.6,0,40.28,1.18,1.24
63041,11.7,0,58.06,9.05,18.51,0,3.33,9.24,100,2.22,27.15
63042,12.11,1.69,39.77,18.48,6.97,15.87,0.81,0.37,49.85,5.61,10.19
63043,11.65,1.84,25.58,9.61,5.43,14.72,0.81,0.09,19.76,3.28,3.75
63044,14.74,3.77,32.54,15.59,12.4,9.35,3.79,0.91,30.86,7.5,9.18
63045,,0,,,,,,,,,
63048,12.29,0,31.45,16.28,6.94,10.49,1.38,0.83,70.89,7.49,10.67
63049,11.88,0.46,30.1,14.39,9.1,3.66,1.45,7.95,47.47,3.92,7.69
63066,12.04,0.27,20.45,14.29,8.92,1.05,0.5,9.53,34.8,0.62,10.65
63065,12.04,0.27,20.45,14.29,8.92,1.05,0.5,9.53,34.8,0.62,10.65
63050,12.04,0.27,20.45,14.29,8.92,1.05,0.5,9.53,34.8,0.62,10.65
63051,12.49,0.37,34.43,12.33,14.73,0.39,0.37,24.24,36.39,2.83,9.62
63052,10.99,0.25,20.96,8.71,7.55,5.12,0.87,5.93,51.08,2.47,7.84
63053,26.32,0,0,51.32,9.23,0,0,0,33.33,0,31.58
63055,9.91,0,17.56,6.66,11.79,0,0,10.33,38.98,4.51,5.06
63056,11.31,0,15.06,13.08,5.85,0,0.25,19.04,9.21,0.98,3.24
63057,23.81,0,,28,0,,,,,,53.97
63060,20.45,1.32,30,17.62,14.04,0,1.55,33.79,55.06,1,8.08
63061,15.08,0,0,0,0,0,0,17.24,,0,3.35
63068,14.28,0.36,19.03,16.72,7.35,0.25,0.85,4,49.84,1.22,7.37
63069,11.84,0,17.89,12.66,10.86,7.35,0.84,4.83,56.58,2.84,6.71
63070,14.44,0,28.89,12.01,7.41,7.73,2.34,16.07,23.03,1.05,5.08
63071,35.86,0,24.46,40.09,23.74,0,2.73,44.2,54.29,4.33,23.24
63072,10.43,0,28.25,23.57,12.79,0,2.84,25.07,0,0,4.43
63073,15.45,0,0,0,0,0,0,0,,0,7.58
63074,17.29,1.49,57.29,18.02,10.95,16.9,1.83,0.23,42.45,9.65,11.23
63077,16.34,0,20.49,19.57,15.25,3.37,1.32,13.11,25.95,5.28,6.48
63080,18.62,0.25,30.42,22.3,12.91,4.02,0.44,12.24,53.38,4.35,10.2
63079,18.62,0.25,30.42,22.3,12.91,4.02,0.44,12.24,53.38,4.35,10.2
63084,13.33,0.39,29.88,14.55,12.12,5.65,2.04,7.52,40.96,4.04,7.52
63087,20.5,0,15.56,17.07,31.78,0,2.95,40.49,0,0,4.58
63099,8.1,1.54,37.93,18.35,9.13,30.89,0.17,0.41,47.03,8.96,10.16
63088,8.1,1.54,37.93,18.35,9.13,30.89,0.17,0.41,47.03,8.96,10.16
63089,13.77,0,45.39,18.28,7.63,0,0.75,18.2,42.07,2.01,15.86
63090,12.87,0.33,24.98,10.99,6.7,3.81,0.26,1.88,27.42,4.56,5.75
63091,10.5,0,16.45,11.12,7.31,0.61,3.85,9.53,25,3.85,7.07
63199,9.63,0,95.72,16.8,2.08,83.5,1.61,0,41.81,14.63,2.04
63188,9.63,0,95.72,16.8,2.08,83.5,1.61,0,41.81,14.63,2.04
63169,9.63,0,95.72,16.8,2.08,83.5,1.61,0,41.81,14.63,2.04
63150,9.63,0,95.72,16.8,2.08,83.5,1.61,0,41.81,14.63,2.04
63101,9.63,0,95.72,16.8,2.08,83.5,1.61,0,41.81,14.63,2.04
63164,20.7,2.2,0,15.68,9.98,95.39,7.9,0,31.05,21.45,0.48
63160,20.7,2.2,0,15.68,9.98,95.39,7.9,0,31.05,21.45,0.48
63102,20.7,2.2,0,15.68,9.98,95.39,7.9,0,31.05,21.45,0.48
63197,17.48,0.51,59.56,25.87,6.85,90.62,2.57,0,39.84,22.04,5.82
63179,17.48,0.51,59.56,25.87,6.85,90.62,2.57,0,39.84,22.04,5.82
63103,17.48,0.51,59.56,25.87,6.85,90.62,2.57,0,39.84,22.04,5.82
63157,11.02,0.55,59.17,27.18,5.17,17.89,0.75,0.16,40.7,11.49,8.82
63104,11.02,0.55,59.17,27.18,5.17,17.89,0.75,0.16,40.7,11.49,8.82
63195,5.43,0.73,19.55,10.9,2.66,29.07,0.6,0,38.05,3.84,2.07
63105,5.43,0.73,19.55,10.9,2.66,29.07,0.6,0,38.05,3.84,2.07
63106,19.01,1.14,79.66,57.15,24.08,29.89,2.17,0,63.18,40.55,12.33
63107,21.57,0,91.98,43.38,19.12,5.17,5.78,0.45,48.76,38.11,13.73
63156,13.68,0.48,45.55,27.14,5.98,66.66,1.43,0.13,46.88,22.42,6.05
63108,13.68,0.48,45.55,27.14,5.98,66.66,1.43,0.13,46.88,22.42,6.05
63109,12.32,1.48,22.9,11.03,4.01,3.91,0.29,0.34,37.23,5.93,4.85
63110,9.53,1.04,37.21,18.16,5.06,15.95,1.31,0,35.85,12.17,5.26
63111,18.8,1.4,50.06,39.48,15.22,8.17,7.03,0.2,61.95,22.82,13.88
63112,17.54,1.09,50.57,33.81,14.17,31.31,0.67,0.5,55.35,25.8,10.77
63113,23.24,0.14,85.81,31.86,17.51,8.99,1.69,0.45,51.01,26.17,17.13
63114,16.84,1.41,46.52,24.63,13.26,4.79,1.93,0.97,43.75,6.61,15.44
63115,20.12,0.38,84.62,41.16,19.69,2.51,0.17,0.08,65.82,29.94,14.62
63116,14.37,6.67,34.3,27.29,12.55,5.04,1.94,0.91,44.85,15.08,11.05
63117,5.02,0.79,13.49,6.78,2.23,9.82,0,0,31.97,4.17,2.85
63163,12.55,4.45,69.77,33.78,13.91,4.8,4.47,0.29,50.57,24.03,14.25
63158,12.55,4.45,69.77,33.78,13.91,4.8,4.47,0.29,50.57,24.03,14.25
63118,12.55,4.45,69.77,33.78,13.91,4.8,4.47,0.29,50.57,24.03,14.25
63171,9.83,0.17,11.53,6.94,2.88,20.01,0.8,0.22,45.16,11.05,2.14
63119,9.83,0.17,11.53,6.94,2.88,20.01,0.8,0.22,45.16,11.05,2.14
63120,22.26,0.49,93.05,42.02,24.06,3.73,4.91,0,59.16,25.92,18.37
63121,14.74,0.22,70.44,28.52,11.19,6.8,1.31,0.61,54.23,13.16,10.03
63122,7.31,0.37,17.22,6.15,1.59,11.44,0.67,0.06,42.56,2.94,2.49
63123,13.88,3.39,24.49,12.01,8.47,7.2,1.12,0.48,39.42,4.44,6.47
63124,9.18,0.7,9.81,2.76,1.1,19.84,0,0,38.59,7.69,1.53
63125,16.08,4.28,43.16,16.02,12,8.22,2.57,0.21,32.41,7.26,7.92
63126,9.84,1.36,18.63,7.79,2.82,6.22,0.54,0.11,33.64,1.06,4.44
63127,12.35,0.27,6,6.1,2.89,19.74,0.43,0,65.98,10.66,1.99
63128,12.48,0.81,22.78,7.5,3.68,10.81,0.87,0.53,53.77,3.69,2.49
63151,10.87,0.83,18.57,8.33,5.16,15.82,0.36,0.04,36.55,4.14,3.99
63129,10.87,0.83,18.57,8.33,5.16,15.82,0.36,0.04,36.55,4.14,3.99
63130,9.83,1.6,19.24,17.92,4.93,6.39,1.23,0,47.59,7.87,5.78
63131,7.42,0.2,14.42,4.3,2.09,3.58,0.28,0.16,51.06,0.73,1.31
63132,8.72,2.14,32.11,13.92,3.44,10.13,1.6,0,40.62,4.88,6.1
63133,16.51,0,83.32,42.61,18.06,12.37,1.52,1.03,64.64,20.44,10.49
63145,14.75,1.07,65.71,33.96,10.43,2.93,2.27,0.32,52.99,12.72,10.22
63134,14.75,1.07,65.71,33.96,10.43,2.93,2.27,0.32,52.99,12.72,10.22
63135,16.29,0.23,64.05,29.2,9.82,5.81,0.86,0.21,49.7,7.41,9.91
63136,18.11,0.1,80.58,38.13,13.81,8.63,1.45,0.04,64.73,19.12,13.37
63137,19.36,0.17,72.97,32.65,9.59,2.75,2.19,0,64.34,13.36,12.38
63138,17.94,0,67.03,26.83,9.25,13.83,2.41,0.15,53.63,10.52,12.7
63139,12.25,1.17,17.62,13.91,4.85,5.39,1.26,0.49,30.78,5.98,5.81
63140,9.2,1.59,100,64.69,21.08,33.92,5,0,51.58,10,15.73
63167,10.95,0.95,19.94,7.75,3.44,20.43,0.61,0,38.73,2.05,3.76
63141,10.95,0.95,19.94,7.75,3.44,20.43,0.61,0,38.73,2.05,3.76
63143,8.69,0.35,47.26,14.35,4.07,22.01,0.65,0,32.35,11.93,8.1
63144,5.22,0.52,18.79,5.01,1.62,12.7,0.61,0,28.99,1.06,1.02
63146,12.17,1.64,20.94,10.52,2.03,22.63,0.47,0.12,33.7,4.57,4.05
63147,25.67,0.62,68.72,41.24,19.12,7.65,2.86,1.5,60.22,21.51,14.52
63180,,0,,,,,,,,,
63178,,0,,,,,,,,,
63177,,0,,,,,,,,,
63166,,0,,,,,,,,,
63155,,0,,,,,,,,,
63302,12.02,0.72,35.71,12.32,6.87,9.97,0.92,4.39,35.32,4.66,6.04
63301,12.02,0.72,35.71,12.32,6.87,9.97,0.92,4.39,35.32,4.66,6.04
63303,10.34,0.54,23.3,9.5,4.98,15.33,0.41,3.49,41.67,3.25,3.93
63338,10.14,0.25,18.54,4.89,3.48,4.03,0.39,0.15,43.27,1.52,3.34
63304,10.14,0.25,18.54,4.89,3.48,4.03,0.39,0.15,43.27,1.52,3.34
63330,7.81,0,100,21.09,16.5,0,0,12.39,0,15.71,1.56
63332,4.89,0.12,15.47,8.82,4.43,0,0,2.92,11.11,2.11,1.33
63333,17,0.64,2.78,27.61,14.6,0,0.93,20.58,40.54,4.67,3.47
63334,11.65,0.05,34.05,29.24,13.52,6.41,0.2,11.35,32.46,8.1,9.28
63336,24.13,0,49.34,19.02,22.19,3.5,1.21,5.59,44.92,4.84,6.58
63339,18.21,1.78,6.7,37.31,15.56,0.93,8.62,30.56,16,7.38,11.59
63341,12.08,0,6.49,2.5,3.47,0,0,3.5,0,0.75,1.05
63343,15.86,0.11,32.57,29.18,16.6,1.27,1.48,15.19,31.83,7.54,8.96
63344,12.07,0,14.47,14.13,6.63,0.32,0,14.08,20.59,0.65,4.79
63345,10.23,0,1.72,52.16,10.04,0,0,4.09,0,0.73,6.69
63347,19.14,0,50.74,15.05,11.34,0,0.4,34.8,55.68,6.2,7.18
63348,13.54,0,13.13,2.59,5.24,0,0,1.87,34.1,0.57,1.81
63349,20.09,1.37,34.85,16.59,10.54,0,2.58,18.5,75.68,0.61,12.11
63350,25.27,0,35.19,15.41,13.05,0,20.24,11.83,30.77,0.81,3.2
63351,23.43,0,12.83,8.92,12.13,0,2.46,11.73,15.47,4.3,10.32
63352,23.26,0.27,56.71,26.63,10.99,0,0.37,10.36,19.4,2.39,7.14
63353,14.19,0,42.7,25.03,12.45,3.75,2.6,11.52,38.11,4.89,10.26
63378,10.13,0.09,18.36,13.38,5.62,0,1.66,2.92,50.49,0.22,11.89
63357,10.13,0.09,18.36,13.38,5.62,0,1.66,2.92,50.49,0.22,11.89
63342,10.13,0.09,18.36,13.38,5.62,0,1.66,2.92,50.49,0.22,11.89
63370,8.85,0,32.85,14.88,15.16,0,5.77,15.48,12.2,5.19,12.77
63359,8.85,0,32.85,14.88,15.16,0,5.77,15.48,12.2,5.19,12.77
63361,13.3,0,34.67,22.35,12.36,4.29,2.19,9.68,21.36,3.39,12.34
63362,15.49,0,28.67,15.71,11.39,4.72,1.43,31.6,39.62,3.06,9.07
63363,16.22,0.94,50.98,27.75,15.13,0,3.76,20.21,41.06,2.46,12.15
63366,10.8,0.33,21.66,8.56,6.02,6.36,1.05,6,46.8,2.66,6.15
63367,10.69,0.34,13.82,5.02,3.2,5.77,0.17,0.45,21.47,0.94,2.35
63368,8.68,0.52,15.14,5.75,3.5,8.7,0.73,3.17,44.76,4.42,3.96
63369,17.65,0,19.88,17.7,11.09,2.94,0,19.26,46.11,0,2.3
63373,16.99,0,12.94,9.77,7.25,0,0,1.66,46.67,0.91,8.5
63376,10.27,0.54,19.36,5.83,4.83,6.81,1.19,1.44,40.86,1.97,4.47
63377,15.23,0,16.96,14.17,18.1,0,2.68,9.98,22.08,8.8,5.05
63379,13.73,0.02,28.9,13.06,6.54,2.95,0.8,8.48,43.4,3.57,6.47
63381,14.13,0,45.32,33.98,14.89,0,1.69,55.65,80.85,2.82,8.66
63382,17.4,0.21,40.35,24.55,18.27,2.03,0.87,4.81,48.89,4.01,10.97
63383,17.56,0.16,41.66,21.35,10.18,0.89,6.28,12.16,55.48,2.37,8.38
63380,17.56,0.16,41.66,21.35,10.18,0.89,6.28,12.16,55.48,2.37,8.38
63384,18.94,0.27,38.98,23.64,21.41,0.19,0,8.48,34.75,3.23,12.17
63385,8.3,0.39,22.22,7.22,5.71,4.6,0.92,1.45,38.67,2.72,3.26
63365,8.3,0.39,22.22,7.22,5.71,4.6,0.92,1.45,38.67,2.72,3.26
63346,8.3,0.39,22.22,7.22,5.71,4.6,0.92,1.45,38.67,2.72,3.26
63386,14.89,0,10.67,10.85,10.53,0,0.52,4.35,28.13,1.55,6.6
63387,16.47,0,89.47,22.35,25,0,0,21.05,71.43,10.53,9.41
63388,20.24,0,43.59,21.14,20.33,0,0,41.03,55.56,0,13.04
63389,15.62,0.76,14.84,20.16,11.99,1.31,2.66,16.12,22.72,2.24,7.02
63390,13.11,0.54,33.55,22.18,15.18,1,6.34,15.24,43.65,2.58,4.8
63401,15.9,0,35.47,27.25,11.6,6.32,1.4,3.77,39.14,7.81,8.35
63430,7.6,2.35,4.64,42.13,32.18,4.87,18.31,18.83,45.45,21.6,37.98
63431,32.37,0,0,16.05,7.84,0,3.15,2.6,0,0,0
63442,18.34,0,2.05,12.5,13.3,0,3,4.27,41.18,3.43,30.19
63432,18.34,0,2.05,12.5,13.3,0,3,4.27,41.18,3.43,30.19
63433,,0,,,,0,,49.15,,,
63434,16.28,0,11.89,33.33,19.45,9.59,0,7.56,4.55,3.73,6.36
63435,14.74,0.66,30.28,33.81,15.88,1.36,4.03,11.31,38.69,6.19,16.66
63436,7.9,0,20,14.77,9.12,1.2,1.83,8.76,28.92,6,10.96
63437,15.18,0,41.93,45.73,9.09,6.99,1.23,10.03,29.91,4.62,14.08
63438,18.63,0,0,8.7,1.2,0,0,24.72,63.16,0,1.55
63439,7.39,0,0,18.97,44.44,0,0,12,80,5,50.74
63440,9.28,0,4.11,21.5,11.61,0,0.83,16.02,61.4,8.75,7.58
63441,11.84,0,28.4,16.19,11.98,0,2.87,11.71,44.07,5.74,10.2
63443,10.42,0,33.33,41.25,13.11,0,0,32.23,12.9,2.05,16.67
63466,19.59,0.99,47.25,21.29,12.5,0.6,1.83,13.73,43.13,10.91,14.83
63445,19.59,0.99,47.25,21.29,12.5,0.6,1.83,13.73,43.13,10.91,14.83
63446,15.54,0.37,7.21,44.76,17.28,0,5.03,13.31,0,5.03,32.77
63447,21.37,0,31.88,44.87,19.22,0,2.47,14.34,27.34,7.65,7.52
63448,17.05,0,20.55,17.94,11.4,3.75,0,20,72.28,5.62,5.25
63450,5.63,0,,0,1.27,0,0,15.96,,0,0
63451,7.78,0,0,11.98,2.19,0,0,14.11,0,0,5.39
63452,10.41,0,11.88,18.56,4.47,0.81,0,15.8,33.33,5.25,2.09
63453,5.58,0,5.13,3.51,5.62,0,0,16.23,0,0,3.51
63454,7.36,0,22.33,18.25,4.87,0,3.33,19.69,45.95,2.12,3.73
63456,14.83,0.24,23.57,22.79,11.97,4.37,0.83,19.49,26.37,10.78,7.2
63457,7.73,0,31.82,13.18,14,0,0,1.23,0,6.73,4.09
63458,28.57,0,73.33,38.96,8.06,0,0,7.55,0,0,5.19
63467,14.94,0,14.18,15.93,10.13,0.23,0.64,10.85,56.15,1.85,4.73
63459,14.94,0,14.18,15.93,10.13,0.23,0.64,10.85,56.15,1.85,4.73
63460,30.4,0,0,9.42,0.35,0,0,16.96,0,0,34.35
63461,10.02,0.18,35.66,21.97,7.8,2.07,0.73,9.75,15.62,3.38,5.56
63462,20.36,0,40.82,32.73,7.13,0,0.86,17.22,44.78,1.86,19.55
63463,10.9,0,46.91,29.87,1.67,0,6.8,10.76,6.82,1.2,7.03
63465,0.29,0,25,14.12,8.66,0,0,8.21,0,0,9.71
63468,13.96,0.54,38.71,25.67,9.06,1.71,0.69,8.55,32.02,6.47,12.57
63469,11.53,0,14.2,14.76,5.64,0,0.43,14.35,32.14,0.43,4.25
63471,2.95,0,0,8.04,3.02,0,0,11.95,51.11,0,1.02
63472,11.95,0,31.87,19.92,16.04,0.75,2.98,33.25,26.76,4.3,14.97
63473,5.98,0,12.12,2.39,0,0,4.65,3.93,,0,1.99
63474,12.98,0,17.24,25.7,9.09,0,0,9.28,73.33,2.56,7.38
63501,12.29,1.89,29.33,34.15,7.7,3.79,0.6,6.18,55.58,7.92,7.52
63530,12.05,2.21,28.65,26.18,10.47,0,1.91,18.7,31.71,3,11.72
63531,10.4,0.51,8.51,19.39,25.87,0,0,13.21,40,0,47.28
63532,21.68,0,27.61,19.52,9.43,0.44,0,17.31,56.6,6.73,5.27
63533,11.69,0,8.74,29.53,7.58,0.24,0,17.55,9.38,8.16,25.58
63534,21.43,0,13.78,27.16,9.54,0,0.55,13.13,50,1.65,15.69
63535,62.5,0,,37.5,0,0,0,43.75,,0,37.5
63536,8.16,0,24.01,20.65,9.7,0,0.27,13.33,23.73,3.81,20.75
63537,16.42,0,23.34,23.25,15.03,0.28,0,9.29,29.91,3.44,15
63538,14.77,0,6.67,26.51,7.73,0,0,21.43,,2.17,13.76
63539,19.31,1.79,7.14,25.32,10.69,0,2.11,11.45,0,16.84,16.74
63540,7.83,0,0,13.04,3,0,0,22.12,0,0,4.35
63541,13.8,0,7.53,7.74,12.38,0,4.55,25.21,0,0.57,8.42
63543,13.45,1.59,23.4,62.78,48.41,0,14.06,11.65,0,1.56,40.81
63544,17.39,0,22.16,29.24,15.26,0.79,0,19.29,3.7,9.66,7.31
63545,17.64,0.25,11.79,14.55,14.15,0.7,0.53,5.41,23.17,13.72,8.27
63546,16.87,0.17,16.99,22.05,14.8,0,0.17,12.09,17.81,2.59,8.33
63547,16.33,0,0,16.07,10.87,0,0,7.19,100,0,15.56
63548,15.38,0,46.09,27.57,12.73,6.46,0.56,7.75,35.87,1.95,15.56
63549,16.22,0.25,18.97,20.15,13.87,4.12,2.49,10.62,48.97,15.58,14.19
63551,1.55,0,49.21,17.78,1.87,0,16,23.58,0,2.67,10.31
63552,18.16,0.32,28.98,18.18,12.6,2.77,0.88,7.58,39.78,8.62,8.81
63555,14.77,0,20.25,19.67,15.72,2.41,1.94,12.64,40.56,5.06,26.6
63556,7.9,6,18.58,26.89,16.41,0.44,3.8,14.57,31.6,3.56,10.29
63557,18.15,0,2.9,10.48,6.21,0,0,23.08,,2.91,7.66
63558,24.8,0,0.88,20.48,12.42,0.28,1.64,9.09,47.83,1.23,10.43
63559,15.62,0,14.84,27.93,9.83,0.38,0.99,17.99,52.94,3.8,9.8
63560,14.84,0,0,42.19,7.32,0,3.17,18.58,37.5,4.76,21.09
63561,19.65,0.43,0,23.81,10.27,1.67,1.18,14.07,26.32,11.8,19.75
63563,7.41,0,13.4,32.04,35.71,0,1.18,26.04,20.93,12.35,57.78
63565,14.22,0.27,24.69,23.79,6.92,0.13,2.38,7.01,42.28,5.51,14.56
63566,18.27,0,82.61,17.17,10.53,0,0,6.02,,0,3.85
63567,22.7,0,88,80.37,2.6,9.43,0,22.64,33.33,0,9.82
63601,21.07,0.14,31.95,27.76,10.93,3.32,1.95,9.32,43.71,7.71,8.32
63620,26.91,0,25.37,35.63,24.13,0.36,0.21,17.08,40.74,8.1,20.39
63621,22.83,0,26.27,16.81,13.65,0.82,2.72,12.24,54,8.81,7.68
63622,16.97,0,50,11.41,19.96,0,0,21.01,0,14.02,13.62
63623,22.31,0,0,28.22,22.5,0,5.65,31.11,40.91,6.01,9.26
63624,25.97,0,37.52,34.32,23.07,3.95,5.29,16.18,54.86,13.17,13.47
63625,24.34,0,100,12.32,24.09,0,0,5.86,,1.27,10.56
63626,27.15,0,29.69,26.77,23.88,0,0,22.85,100,14.68,1.89
63627,11.16,0,27.63,22.58,8.17,0.19,3.45,14.28,57.53,1.13,7.48
63628,25.01,0.08,15.4,23.35,17.57,1.26,1.58,18.53,40.26,5.93,9.45
63629,31.11,0,13.68,17.43,13.43,0,0,23,0,7.05,14.79
63630,19.24,0,38.81,40.26,19.47,0,5.49,48.32,77.41,8.71,10.31
63631,21.67,0,31.75,9.23,14.15,0,0,19.22,27.27,4,10.62
63633,23.93,0,32.4,25.61,26.75,0.49,5.67,25.74,10.96,5.67,11.9
63636,18.52,0,12.69,20.2,25.85,0,4.39,17.95,58.33,4.39,22.39
63637,20.16,0,36.54,23.08,9.3,1.92,0,19.79,46.43,0,0.6
63666,24.16,0,32.61,24.05,19.05,0.85,0.28,15.84,53.56,5.67,11.2
63638,24.16,0,32.61,24.05,19.05,0.85,0.28,15.84,53.56,5.67,11.2
63651,18.46,0.53,30.24,22.25,13.85,4.84,2.77,10.23,43.81,7.31,12.45
63640,18.46,0.53,30.24,22.25,13.85,4.84,2.77,10.23,43.81,7.31,12.45
63645,25.44,0.12,25.48,20.32,13.78,4.1,3.01,10.68,46.49,6.84,12.81
63648,13.54,0,62.94,45.12,16.96,0.34,3.39,23.13,50.56,7.16,17.58
63650,21.11,0,37.75,32.04,16.06,1.94,0.92,11.67,71.6,7.34,7.78
63653,21.88,0,21.35,35.8,24.25,0,7.11,5.76,51.85,5.49,18.68
63654,28.97,0,20.9,21.12,9.58,2.86,4.64,5.9,22.5,0.99,10.65
63655,21.46,0,13.02,33.95,15.94,0,1.48,17.93,29.7,2.47,20.07
63632,21.46,0,13.02,33.95,15.94,0,1.48,17.93,29.7,2.47,20.07
63656,23.78,0,0,11.54,16.88,0,2.8,22.94,0,9.35,9.44
63660,22.58,0,52.37,37.52,23.64,0,5.75,45.43,50.68,1.98,7.65
63662,19.13,0,0,29.47,9.74,1.75,8.98,14.02,21.95,4.31,5.4
63663,27,0,49.25,45.69,15.75,1.84,7.21,0.52,35.22,2.4,28.29
63664,29.38,0.06,26.62,23.8,19.95,0.27,1.19,20.62,35.53,5.01,13.87
63665,18.92,0,35,24.32,6.34,0,0,34.51,0,0,12.43
63670,16.38,0.26,27.4,13.68,7.74,2.49,1.07,8.74,20.12,3.25,5.28
63673,16.88,0,16.61,16.88,7.26,0,3.64,18.9,12,3.35,12.09
63674,,0,,,,0,,0,,,
63675,63.22,0,,25.29,35,0,0,4.04,,0,0
63752,12.45,0.75,29.16,24.69,7.26,8.1,0.92,2.95,47.26,4.76,8.1
63702,12.45,0.75,29.16,24.69,7.26,8.1,0.92,2.95,47.26,4.76,8.1
63701,12.45,0.75,29.16,24.69,7.26,8.1,0.92,2.95,47.26,4.76,8.1
63703,20.35,0.29,60.26,43.19,12.36,17.11,1.67,6.53,49.49,16.42,11.25
63730,16.72,0,13.58,23.5,18.23,0,0.46,15.56,38.32,7.55,13.28
63732,11.16,0,0.55,8.11,6.3,0,1.39,3.73,25,5.01,1.72
63735,18.05,0,30.6,39.01,24.49,0,0.89,24.35,53.45,10.71,15.37
63736,14.69,0,34.67,25.47,10.58,0,2.74,37.62,34.73,1.34,11.7
63738,,0,,,,,,,,,
63739,10.63,0,31.43,50.63,21.32,0,0,23.14,37.5,0,11.71
63744,17.26,0,17.37,15.98,13.9,3.25,6.2,13.02,41.1,6.3,6.11
63740,17.26,0,17.37,15.98,13.9,3.25,6.2,13.02,41.1,6.3,6.11
63742,18.99,0,42.86,48.1,19.57,0,0,55.26,,0,3.8
63743,18.64,0,0,0,0,0,0,10.26,,0,0
63745,0,0,,50,50,0,0,0,0,0,100
63746,28.95,0,,13.16,7.89,0,0,0,0,20,0
63747,19.74,0,0,1.3,6.91,0,0,19.32,0,4.64,1.86
63748,9.17,0,16.94,13.05,21.86,0,1.1,10.61,5.88,1.83,5.09
63737,9.17,0,16.94,13.05,21.86,0,1.1,10.61,5.88,1.83,5.09
63750,20,0,100,20,0,0,0,55.56,,0,20
63751,27.68,0.8,44.4,22.74,26.19,0,0.99,20.46,48.65,1.39,16.95
63779,13.69,0.12,20.41,12.73,8.21,1.81,1.78,7.4,35.44,2.37,5.39
63755,13.69,0.12,20.41,12.73,8.21,1.81,1.78,7.4,35.44,2.37,5.39
63758,7.46,0,5,10.45,1.54,0,0,0,13.33,17,2.24
63760,20.81,0,7.25,12.13,9.61,0,0,5.13,0,13.3,5.09
63763,4.83,0,19.51,43,7.23,0,0,19.78,,0,0
63764,24.45,0,28.43,30.19,18.41,0.72,2.26,10.02,62.91,8.35,8.04
63766,21.83,0,10.82,12.61,3.6,0,0,17.57,44.44,1.63,12.1
63767,24.24,0,38.1,45.33,29.18,0,2.14,14.29,45.16,14.23,16.55
63769,13.9,0,25.69,18.13,10.93,0,0.64,8.56,58.33,2.99,5.2
63770,13.82,0,44.44,38.93,17.39,0,10.42,43.08,80,0,15.13
63771,15.93,0.28,20.27,20.69,12.93,0.27,2.04,14.92,35.1,6.42,15.21
63774,11.6,0,0,6.08,12.09,0,57.89,44.74,0,0,7.18
63776,14.03,0.51,16.91,18.62,13.41,3.51,1.18,8.52,45.43,4.64,6.15
63775,14.03,0.51,16.91,18.62,13.41,3.51,1.18,8.52,45.43,4.64,6.15
63780,18.03,0.02,53.92,32.36,17.22,1.27,4.32,9.64,53.55,3.98,10.99
63781,9.2,0,3.63,21.38,5.65,0,6.75,5.11,24.24,5.19,5.52
63782,24.07,0,0,26.56,32.16,0,0,18.25,100,0,4.98
63783,0,0,,0,6.67,0,0,0,,0,0
63784,31.88,0,100,49.53,24.85,0,0,10.62,100,6.41,21.83
63785,11.72,0.31,4.74,11.35,6.36,0,0,17.9,60,2.26,6.9
63787,28.01,0,66.2,23.13,13.65,0,0,24.59,50,7.57,3.58
63801,22.62,0.56,37.98,25.53,14.9,2.67,2.21,5.27,41.08,10.05,9.57
63820,25.46,0,73.58,46.98,20.14,0,0,23.93,100,1.15,13.43
63821,34.81,1.06,68.18,54.73,29.61,0,0,18.04,56.82,3.82,13.75
63822,25.84,0,37.79,34.15,26.39,2.24,0,1.64,29.73,2.1,12.6
63823,25.22,0,25.23,22.93,21.8,3.3,0.41,13.55,45.68,2.03,9.3
63824,21.9,0,0,21.9,43.48,0,2.86,10.34,65,0,7.62
63825,27.9,0,35.28,25.06,22.17,0.29,1.8,12.78,46.06,6.55,18.9
63826,42.11,0,0,28.95,0,0,0,0,,0,0
63840,24.21,0.45,24.76,24.71,27.29,0,0.72,21.45,62.5,2.53,15.56
63827,24.21,0.45,24.76,24.71,27.29,0,0.72,21.45,62.5,2.53,15.56
63828,20.97,0,38,41.94,35.4,0,4.48,43.14,0,10.45,23.12
63829,20.61,1.62,54.78,40.82,26.53,0.62,6.48,11.01,69.16,11.05,23.66
63830,31.02,0.08,59.12,37.79,22.67,3.47,3.76,4.55,55.65,18.09,12.53
63833,83.76,0,,13.68,35.9,0,0,25.27,0,6.1,0
63834,14.35,0,36.13,40.03,20.45,0.82,1.18,5.81,61.22,17.87,13.92
63837,18.53,4.01,28.1,33.47,25.75,0,2.54,14.78,44.83,4.45,22.04
63839,17.9,0.27,61.84,33.08,27.8,0,3.55,15.03,19.28,3.55,19.33
63841,26.18,0.11,44.73,25.97,18.82,1.25,1.17,6.31,40,5.9,9.69
63881,32.24,2.17,33.51,39.32,25.58,1.3,0.61,6.02,51.05,16.81,9.64
63845,32.24,2.17,33.51,39.32,25.58,1.3,0.61,6.02,51.05,16.81,9.64
63850,22.82,0.15,52.02,32.79,22.41,0,1.13,13.03,53.33,2.64,16.06
63846,22.82,0.15,52.02,32.79,22.41,0,1.13,13.03,53.33,2.64,16.06
63847,0,0,,0,0,0,0,0,,0,0
63848,21.84,0,31.65,30.87,22.32,1.12,2.22,19.29,59.72,6.4,13.14
63849,49.27,0,25,14.63,40.88,0,0,71.26,75,1.43,1.46
63851,21.04,0.34,67.25,57.69,20.22,0.81,6.36,8.65,57.87,20.34,11.85
63852,20.64,0,28.69,35.83,17.77,0.29,1.41,27.51,40,7.03,13.88
63853,38.41,7.25,0,26.81,45.16,0,0,24.73,100,4.23,1.45
63875,24.3,0,37.8,20.64,21.04,0,0,18.67,66.67,10.83,11.39
63855,24.3,0,37.8,20.64,21.04,0,0,18.67,66.67,10.83,11.39
63857,19.95,0.68,48.47,32,18.28,4.86,4.14,5.73,37.24,13.7,16.43
63860,7.93,0,,44.51,19.01,0,0,9.9,100,21.59,12.2
63862,20.54,0,70.25,39.53,21.67,0.66,2.96,9.04,37.32,5.92,18.15
63863,16.6,0,43.69,38.73,17.05,1.86,2.05,10.42,48.31,6.76,17.96
63866,20.28,0,48.09,58.25,16.81,2.28,4.27,31.96,48.53,10.98,9.67
63867,19.79,0,38.13,40.14,30.54,0,0,22.1,35.63,1.49,18.92
63868,36.15,0,24.72,36.38,29.31,0,0,19.11,32.14,10.79,18
63869,23.16,0.22,63.7,31.48,12.26,4.28,0.13,10.64,45.05,12.94,16.08
63870,14.3,1.33,60.57,53.96,17,0,4.88,10.44,82.65,9.57,9.71
63873,17.1,0,48.99,33.11,20.62,0,2.03,11.63,51.07,6.2,12.25
63874,20.23,0,68.89,17.9,14.2,0,1.64,11.8,52.63,4.92,13.62
63876,20.57,9.11,47.01,38.04,29.29,0.55,2.89,10.67,46.67,7.52,22.25
63877,24.84,0.31,61.32,40.21,15.19,0,3.91,4.68,60.98,7.54,8.67
63878,38.39,0,100,14.29,10.26,0,26.32,11.54,,0,30.36
63879,27.2,0,29.75,37.05,16.45,0,1.02,14.56,39.58,5.8,14.97
63880,32,0,47.17,41.33,29.55,0,0,27.94,100,18.33,17.33
63882,17.76,0,28.26,41.22,32.37,0,0,5.91,58.33,10.88,11.51
63962,25.28,0.19,47.06,32.52,14.86,3.11,0.88,10.54,49.19,8.61,12.14
63902,25.28,0.19,47.06,32.52,14.86,3.11,0.88,10.54,49.19,8.61,12.14
63901,25.28,0.19,47.06,32.52,14.86,3.11,0.88,10.54,49.19,8.61,12.14
63932,27.81,0,20.13,31.2,26.54,0,0,29.29,20.43,0,21.71
63933,22.65,0.06,45.44,39.23,26.8,0,3.32,18.1,42.77,5.79,12.72
63934,73.44,0,,32.81,9.38,0,0,51.22,,0,32.81
63935,28.61,0.23,17.01,36.46,18.63,1.27,1.1,18.97,46.58,7.3,13.81
63931,28.61,0.23,17.01,36.46,18.63,1.27,1.1,18.97,46.58,7.3,13.81
63936,11.35,0,57.31,34.64,11.64,1.1,0,3.59,21.28,2.3,19.82
63937,17.03,0,52.1,10.39,15.74,0,1.19,20.81,22.68,4.5,23.9
63939,31.19,0,74.02,37.92,13.31,0,0,34.99,53.25,3.41,24.01
63940,24.35,0,9.21,16.62,8.61,0.42,0,12.85,50.62,5.37,13.48
63941,31.33,0,,6,17.33,0,0,11.4,,0,6
63942,28.13,0,9.68,38.18,15.53,0,0,24.56,75,2.18,14.68
63943,29.34,0,31.65,25.28,5.29,0,0,12.74,83.67,1.69,23.62
63944,34.39,0,16.87,31.72,24.7,0.99,2.74,17.29,41.43,4.18,11.15
63945,25.03,0,23.4,27.53,18.3,0,5.39,33.33,100,5.39,9.64
63951,29.17,0,,31.94,29.17,0,0,55.15,100,0,8.33
63952,30.45,0,18.75,43.86,26.25,0,17.04,32.95,43.75,5.19,20.54
63953,30.02,0,22.93,40.09,15.31,0,3.37,31.29,80.18,13.86,15.47
63954,19.21,0.37,15.63,23.44,21.54,2.58,0,24.48,66.67,10.74,27.13
63955,55.66,0,100,32.08,68.24,0,0,71.53,0,0,0
63956,35.68,0,6.22,27.79,22.54,0,16.75,14.5,23.19,0,16.06
63950,35.68,0,6.22,27.79,22.54,0,16.75,14.5,23.19,0,16.06
63957,31.39,0,14.31,42.1,19.12,0.85,4.78,20.74,42.07,7.66,12.19
63960,18.4,0,44.73,25.86,20.79,0,6.3,13.07,38.31,8.02,15.16
63961,22.4,0,12.92,33.51,29.32,0,5.02,19.7,71.98,4.86,11.76
63964,29.21,0,11.86,80.79,32,3.79,11.24,13.27,100,0,5.9
63965,31.04,0,27.91,34.24,13.6,0.73,2.65,13.61,67.03,14.95,11.25
63966,17.92,0,5.53,18.12,13.93,0,4.94,32.02,15.71,2.74,14.51
63967,26.49,0.79,46.15,28.37,19.35,0,0.66,21.12,22.38,11.42,12.12
64001,20.87,0,18.49,13.45,5.39,0,0,0.54,20.59,0,6.27
64011,22.86,0,33.58,27.49,15.57,0,2.91,31.16,48.44,1.11,10.22
64012,15.67,1.59,37.51,15.72,6.21,3.8,1.39,7.57,42.3,4.26,8.59
64014,10,0.29,33.12,7.27,3.6,2.27,2.62,0.54,28.17,1.94,6.09
64013,10,0.29,33.12,7.27,3.6,2.27,2.62,0.54,28.17,1.94,6.09
64015,9.77,0.15,24.3,10.04,4.77,6.49,2.06,2.47,35.09,4.07,6.86
64016,14.93,0,31.29,13.83,8.55,0.57,0.43,2.68,38.62,1.14,10.17
64017,21.74,0,32.69,17.7,8.75,0,0.79,1.49,0,0,8.7
64018,6.08,0,7.35,6.38,1.04,2.52,0,0,54.81,0,1.99
64019,16.77,0,17.38,7.57,7.54,0,0,22.18,11.46,0.49,5.69
64020,13.49,0.15,33.92,17.5,8.3,4.43,1.16,3.2,36.13,5.2,11.2
64021,19.89,0,13.33,19.19,8.64,0,3.8,5.6,20.83,3.38,9.38
64022,7.38,0,0,6.04,10.87,0,0,20.97,20,0,1.34
64024,13.04,0.57,19.36,17.54,11.08,6.85,1.8,3.36,48.78,4.43,10.13
64073,13.04,0.57,19.36,17.54,11.08,6.85,1.8,3.36,48.78,4.43,10.13
64029,10.83,1.11,19.54,10.24,5.07,1.85,0.92,1.46,36.94,1.47,5.21
64030,16.09,2.14,35.49,22.24,9.83,17.5,2.88,0.21,52.02,6.44,16.43
64034,6.48,0.21,13.65,3.54,2.92,0,0.33,1.11,10.57,1.79,3.75
64035,11.32,0,36.65,32.69,9.62,0,2.29,0.64,40.85,2.54,14.25
64036,8.7,0,31.37,67.54,28.87,0,0,15.06,81.97,0,50.43
64037,16.3,0,42.62,23.68,9.84,9.29,2.1,4.59,47.57,5.86,6.66
64040,12.96,0.18,22.79,19.53,8.81,0.77,6.07,12.67,38.64,5.32,17.44
64048,10.64,0,17.37,2.68,3.62,0.2,2.01,0.65,8.09,1.34,3.15
64051,18.55,0.39,47.94,26.4,10.41,11.8,3.28,1.4,43.42,10.65,13.03
64050,18.55,0.39,47.94,26.4,10.41,11.8,3.28,1.4,43.42,10.65,13.03
64052,15.95,1.84,45.31,26.54,12.57,6.56,3.34,0.51,37.17,5.4,17.39
64053,19.26,0.52,54.48,25.67,22.65,6.9,4.88,0,48.28,11.36,19.62
64054,19.46,0.77,59.75,29.81,16.24,10.16,0,1.2,64.11,5.61,12.51
64055,13.8,1.04,36.97,17.35,8.69,11.12,1.75,4.93,46.16,5.37,10.34
64056,12.88,0.33,53.3,24.76,9.64,3.87,3.26,3.37,51.48,4.64,12.16
64057,17.12,0.6,23.86,8.97,7.56,24.82,2.23,0,50.09,9.56,6.65
64058,13.99,0.34,38.14,9.04,9.42,0,1.78,1.05,27.91,2.7,6.79
64060,7.64,0.6,27.81,8.2,4.51,2.7,1.63,0.98,41.3,4.18,6.38
64061,16.1,0,30.87,11.66,11.16,0,2.11,16.56,45.56,0.89,6.34
64062,11.65,0.23,17.07,8.69,9.22,0.28,2.79,5.64,15.81,1.22,9.97
64063,10.58,0.63,36.96,14.19,4.75,10.07,2.28,0.4,49.24,2.95,5.93
64064,8.5,0.23,22.89,5.98,1.57,5.14,0.75,0.43,30.45,0.61,3.14
64065,0,0,,0,0,0,0,0,0,0,0
64066,16.67,0,0,5.56,18.18,0,0,6.25,0,14.29,27.78
64067,10.33,0.16,28.55,19.4,8,1.37,0,5.94,45.85,7.26,9.63
64069,12.34,0.75,36.33,12.77,5.91,7.26,0.78,4.1,43.62,3.93,6.66
64068,12.34,0.75,36.33,12.77,5.91,7.26,0.78,4.1,43.62,3.93,6.66
64070,8.2,0,16.67,4.79,4,0,0.95,4.21,28.99,3.71,7.46
64071,12.2,0,73.33,16.98,6.01,0,0,4.05,13.89,6.07,8.54
64072,30.38,0,11.11,10.13,32.9,0,0.96,19.09,50,5.26,7.17
64074,18.05,0,72.83,4.07,7.51,0,1.24,3.2,64.15,0.83,10.89
64075,14.2,0.2,32.56,19.51,8.33,1.13,4.29,3.98,49,2.43,5.88
64076,10.56,0.16,21.61,16.01,11.46,0.5,2.69,10.26,14.25,3.76,7.23
64077,10.78,0,22.51,14.68,8.92,0.58,0.42,7.78,31.68,2.11,10.19
64078,13.65,0,18.4,6.89,8.44,0,1.85,0.32,43.05,1.38,6.04
64028,12.39,0,30.85,11.87,3.12,9.51,4.11,0.06,43.05,2.53,3.64
64079,12.39,0,30.85,11.87,3.12,9.51,4.11,0.06,43.05,2.53,3.64
64080,11.95,0.12,20.4,16.13,7.27,1.17,2.53,1.87,56.35,2.67,5.78
64081,10.06,2.05,16.39,6.61,3.38,12.79,0.04,0,50.75,7.82,3.62
64082,7.5,0.45,15.24,3.22,2.44,1.42,0.15,0.13,46.45,1.36,2.15
64083,10.85,0,15.94,8.58,3.13,1.06,1.23,1.96,51.39,3.13,5.58
64084,13.15,0,0,14.27,11.62,0,10.52,5.06,78.95,10.52,10.37
64085,13.58,0,34.41,20.28,14.22,2.46,0,3.35,46.27,9.4,11.15
64002,7.87,0.94,22.24,7.38,2.76,7.59,1.27,0.17,48.74,3.75,5.88
64086,7.87,0.94,22.24,7.38,2.76,7.59,1.27,0.17,48.74,3.75,5.88
64088,18.18,0,44.54,7.29,13.13,0,1.08,1.84,34.78,1.08,6.75
64089,9.49,0.06,16.15,6.6,3.3,0,1.46,0.1,23.62,3.36,3.06
64090,11.69,0,27.59,27.27,13.91,0,0,16.9,100,0,29.87
64092,0,0,0,0,0,0,0,0,0,0,0
64093,11.49,0.12,20.29,25.13,6.12,6.96,1.28,6.61,52.06,6.53,9.47
64096,15.13,1.77,14.81,19.19,11.11,0.57,1.74,6.88,17.42,4.13,12.96
64097,17.81,0,49.33,12.55,6.8,0,2.22,2.37,22.48,6.67,6.59
64098,16.68,0.1,33.06,7.61,5.4,1.35,0.56,0.07,40.53,3.38,3.65
64101,4.84,0,,15.22,6.58,100,71.43,0,0,0,17.99
64102,,0,,,,,,,,,
64199,7.32,0.72,0,14.17,2.77,92.04,2.21,0,33.1,7.96,7.12
64196,7.32,0.72,0,14.17,2.77,92.04,2.21,0,33.1,7.96,7.12
64180,7.32,0.72,0,14.17,2.77,92.04,2.21,0,33.1,7.96,7.12
64105,7.32,0.72,0,14.17,2.77,92.04,2.21,0,33.1,7.96,7.12
64198,11.31,4.37,62.98,49.49,13.4,72.23,3.26,0.23,38.97,26.14,11.27
64187,11.31,4.37,62.98,49.49,13.4,72.23,3.26,0.23,38.97,26.14,11.27
64184,11.31,4.37,62.98,49.49,13.4,72.23,3.26,0.23,38.97,26.14,11.27
64106,11.31,4.37,62.98,49.49,13.4,72.23,3.26,0.23,38.97,26.14,11.27
64999,13.67,2.93,63.69,32.03,12.52,48.8,2.48,0.51,47.27,10.95,10.91
64179,13.67,2.93,63.69,32.03,12.52,48.8,2.48,0.51,47.27,10.95,10.91
64141,13.67,2.93,63.69,32.03,12.52,48.8,2.48,0.51,47.27,10.95,10.91
64108,13.67,2.93,63.69,32.03,12.52,48.8,2.48,0.51,47.27,10.95,10.91
64109,15.02,2.63,24.29,34.53,14.62,27.92,1.47,0.19,54.79,19.62,17.76
64110,11.33,0.68,42.59,28.94,6.12,12.33,0.34,0,55.63,12.14,12.1
64171,7.95,0.84,32.24,20.43,4.38,38.16,1.2,0.17,38.21,14.97,10.93
64111,7.95,0.84,32.24,20.43,4.38,38.16,1.2,0.17,38.21,14.97,10.93
64112,5.6,0.27,17.69,12.08,1.75,60.35,2.28,0.26,40.51,7.92,5.8
64113,5.07,0.18,8.05,3.49,0.9,4.61,0.13,0.13,47.1,0.49,1.81
64114,10.8,0.34,22.12,8.79,2.23,15.44,1.12,0.15,42.31,5.09,8.8
64116,19.16,1.44,49.85,20.98,9.39,23.12,1.44,1.85,53.3,9.22,12.92
64117,13.04,4.36,32.91,24.02,13.64,14.58,1.99,0.34,44.75,5.42,12.19
64188,13.09,1.68,41.18,20.7,7.43,14.55,2.66,2.13,45.49,6.59,11.34
64118,13.09,1.68,41.18,20.7,7.43,14.55,2.66,2.13,45.49,6.59,11.34
64119,12.99,0.95,40.95,12.96,6.57,7.6,1.92,0.85,34.69,2.31,8.05
64120,13.73,2.39,37.7,53.63,18.86,9.33,6.21,0,0,2.76,32.38
64123,11.25,19.23,25.89,28.48,29.75,6.27,5.81,0.5,44.14,14.08,28.21
64191,15.06,12.63,44.21,48.75,31.29,9.2,6.83,0.77,45.59,17.5,30.08
64124,15.06,12.63,44.21,48.75,31.29,9.2,6.83,0.77,45.59,17.5,30.08
64125,19.82,1.51,46.22,52.49,34.98,0,11.62,1.28,56.74,14.65,33.38
64126,14.42,14.78,65.03,53.11,31.1,11.71,4.6,3.68,59.98,23.7,34.23
64127,22.76,6.47,49.75,49.94,26.12,15.49,3.37,0.72,65,25.35,22.7
64121,22.76,6.47,49.75,49.94,26.12,15.49,3.37,0.72,65,25.35,22.7
64128,20.38,1.58,69.94,40.1,19.14,10.08,1.76,0.1,61.59,22.73,19.16
64129,15.34,1.25,52.9,22.68,11.33,8.5,1.41,10.2,51.03,8.92,11.44
64130,17.15,0.72,78.94,32.53,15.29,6.86,1.61,0.3,50.64,19.43,15.71
64197,14.16,0.96,48.09,17.54,8.87,10.72,0.94,0.51,54.54,11.14,9.55
64170,14.16,0.96,48.09,17.54,8.87,10.72,0.94,0.51,54.54,11.14,9.55
64131,14.16,0.96,48.09,17.54,8.87,10.72,0.94,0.51,54.54,11.14,9.55
64132,17.63,1.13,81.84,42.89,16.4,7.05,0.89,0.92,56.05,11.8,16.38
64133,14.74,1.45,38.57,20.84,7.51,10.19,1.02,0.65,53.76,6.91,14.7
64134,14.2,0.86,75.24,33.33,9.97,5.34,2.45,0.55,48.89,8.92,14.61
64136,7.94,5.56,75.58,21.67,5.97,13.83,0,0,41.9,4.35,4.13
64137,9.5,0.67,31.84,19.59,4.21,14.04,2.13,0.4,42.2,5.59,16.92
64138,14.7,1.23,38.11,23.39,7.73,7.81,1.7,0.43,53.78,6.51,11.27
64139,4.15,0.13,18.62,1.62,1.4,4.93,0,0,32.32,1.05,4.28
64148,12.32,0.21,7.53,9.03,3.87,9.19,1.05,0,48.84,3.59,7.16
64145,12.32,0.21,7.53,9.03,3.87,9.19,1.05,0,48.84,3.59,7.16
64146,9.23,0.5,29.68,13.42,3.87,0.55,0,0,7.69,2.17,11.55
64147,3.46,0,100,83.33,32.84,93.18,0,0,60.58,43.41,10.8
64149,12.58,0,0,36.23,4.62,0,0,0,0,10.05,1.95
64168,21.43,1.49,30.44,23.24,8.25,19.88,1.86,1.8,50.46,10.51,7.2
64150,21.43,1.49,30.44,23.24,8.25,19.88,1.86,1.8,50.46,10.51,7.2
64151,11.28,0.77,27.54,9.9,5.13,21.9,1.47,0.34,33.13,4.18,7.49
64195,11.69,0.81,11.02,7.13,2.93,1.52,0.29,0.12,34,3.53,4.04
64152,11.69,0.81,11.02,7.13,2.93,1.52,0.29,0.12,34,3.53,4.04
64153,14.95,1.22,29.83,5.41,3.25,33.64,6.03,0,26.07,5.45,4.05
64190,11.24,0.65,15.81,6.54,2.49,17.03,1.89,0,29,3.8,6.11
64154,11.24,0.65,15.81,6.54,2.49,17.03,1.89,0,29,3.8,6.11
64155,10.91,0.82,16,10.03,4.56,11.7,0.73,0.12,48.57,1.99,6.25
64156,6.64,0.81,18.91,5.94,3.13,2.95,3.14,8.93,27.3,2.29,2.67
64157,5.64,1.06,19.01,6.35,3.66,1.72,0.55,1.73,48.38,0.43,1.98
64158,7.81,1.29,11.62,5.41,3.18,42.1,0,0,41.69,1.56,4.09
64162,19.94,0,56.9,25.51,19.83,0,0.71,0,46.15,2.86,14.74
64161,19.94,0,56.9,25.51,19.83,0,0.71,0,46.15,2.86,14.74
64144,19.94,0,56.9,25.51,19.83,0,0.71,0,46.15,2.86,14.74
64163,40.78,2.62,77.59,26.07,13.49,45.52,1.51,13.79,54.69,8.46,18.72
64164,15.18,0,0,11.61,0,0,0,0,,0,0
64165,0,0,0,0,0,0,0,0,,0,0
64166,8.54,0,0,0,0,0,0,0,,0,0
64167,16.91,0,65.52,9.18,0,0,0,0,,0,22.46
64401,13.91,0,14.05,11.52,3.87,0.37,3.8,13.52,40,5.59,6.06
64402,17.68,0,19.77,23.25,11.6,1.86,3.06,8.55,19.11,4.8,11.23
64420,10.94,0,0,9.38,0,0,0,39.58,,0,9.38
64421,22.65,0,19.5,20.24,18.13,0,0.49,23.76,15.52,7.8,10.34
64422,7.93,0,14.84,8.11,2.32,0,0,9.43,0,1.05,0.72
64423,15.54,0.26,13.79,8.14,2.25,2.66,2.99,10.37,1.82,3.89,11.53
64424,22.4,0,43.53,26.41,9.99,4.38,2.01,4.9,61.65,8.81,5.35
64426,31.89,0,62.82,21.64,6.23,0,0,14.08,61.54,6.17,7.52
64427,19.89,0,19.79,13.8,9.76,0.72,1.29,10.87,8.77,3.86,9.32
64428,8.9,0,43.68,34.64,14.25,1.82,2.49,11.55,30.3,3.73,26.4
64429,11.92,0.16,17.81,20.18,12.58,3.48,0.81,5.6,30.37,7.19,7.68
64430,19.39,0,9.4,26.28,6.8,0,0,5.34,56.52,1.55,4.08
64431,10.68,0,4.62,7.02,2.82,1.23,0,12.76,22.22,3.41,6.1
64432,27.71,0,25,45.78,6.67,0,0,0,0,0,0
64433,11,0,100,59.56,3.82,0,0,0,100,0,4.47
64434,13.45,0,19.23,13.36,4.23,0,3,5.69,36.84,2,6.63
64436,13.97,0,6.51,5.91,2.81,0,0.53,1.25,18.87,3.7,3.77
64437,23.63,0,53.49,21.61,10.19,0.15,0.45,10.51,5.56,2.71,5.49
64438,18.84,0,0,8.7,17.65,0,0,1.22,,2.94,2.9
64439,17.77,0,33.99,11.83,4,0,0.51,3.15,24.37,3.4,5.22
64440,8.11,0,32.86,22.97,11.17,0,0,20.77,3.23,0.63,4.67
64441,20.69,0,0,8.62,0,0,2.78,7.59,16.67,0,1.72
64442,17.65,0,17.04,38.43,11.85,0,2.54,8.29,23.4,8.57,22.25
64443,13.24,0,21.88,21.59,7.8,0.47,0.65,10.23,44.44,4.55,13.35
64444,17.51,0,22.87,12.77,3.24,0,2.8,2.2,65.17,8.97,4.43
64445,11.65,0,4.6,12.41,9.82,1.97,0,3.29,40,9.48,5.64
64446,17.63,0,21.74,22.11,9.79,0.17,0,0.51,26.79,3.15,12.85
64448,9.95,0.96,8,14.71,2.7,0,0,23.85,41.07,5.12,15.48
64449,20.09,0,5.43,33.62,10.85,0,0,15.09,42.86,0.38,11.64
64451,29.78,0,14.29,14.57,4.28,2.09,0,24.39,32.65,4.92,8.91
64453,2.83,0,15.56,16.04,16.56,0,0,18.45,0,0,3.77
64454,14.89,0.18,33.47,19.41,4.19,0,0,10,33.87,2.37,7.17
64455,18.01,0,49.12,14.76,4.93,0,0,12.5,17.24,1.81,8.59
64456,17.22,0,54.31,25.32,11.23,3.64,0.53,9.27,42.86,6.14,7.8
64457,18.18,0,21.28,19.7,8.7,0,0,12.75,25,2.56,21.21
64458,44.98,0,35.59,62.28,11.41,0,0,10,100,0,12.11
64459,12.33,0,18.92,2.64,9.91,0,0,13.73,0,1.42,5.73
64461,9.67,0,21.02,20.66,3.61,0.98,0,7.35,31.67,3.11,3.39
64463,15.94,0,44.59,23.81,8.57,3.47,0.49,3.73,34.51,2.27,6.52
64465,17.63,0,28.72,15.3,10.58,0,2.83,8.49,26.3,2.03,6.2
64466,24.58,0,53.33,15.91,5.5,0.86,0.53,15.02,41.67,6.84,6.78
64467,22.58,0,16.98,18.82,4.85,0,0,25.5,27.27,19.51,22.04
64468,9.65,0.54,29.72,30.48,6.45,10.11,1.1,3.52,45.52,6.56,8.89
64469,14.89,0,34.86,15.15,5.45,0.32,1.06,3.3,28.38,1.42,4.77
64470,15.63,0,26.45,15.53,6.42,1.14,0.84,8.21,20.81,6.88,8.14
64471,17.53,0,9.38,35.06,8.03,0,0,6.15,43.18,5.88,8.54
64473,16.01,0,27.23,25.37,8.78,1.54,0.32,6.16,19.35,3.7,9.15
64474,13.82,0,11.73,6.47,4.87,0.99,0.27,14.32,26.36,4.27,0.44
64475,11.65,0,18.99,14.24,6.7,0,1.68,9.18,53.85,2.52,10.36
64476,15.09,0,66.04,26.32,8.57,0,0,11.89,55.56,4.65,8.77
64477,15.8,0.63,7.98,13.29,6.84,2,1.63,2.36,48.4,8.36,8.28
64479,10.85,0,26.65,26.81,8.61,0.26,5.43,13.27,37.84,10.57,11.93
64480,20.59,0,0,8.4,3.85,0,0,7.39,100,8.89,1.26
64481,20.04,0,16.15,27.97,10.15,0.42,2.85,12.34,24.24,3.13,11.69
64482,16.71,0,22.33,16.91,6.67,0.26,3.32,0.79,32.95,4.3,5.76
64483,15.68,0,7.3,24.03,6.85,0,0,7.89,15.79,7.66,14.24
64484,13.18,0,42.11,18.27,2.61,0,3.47,17.24,31.34,2.02,3.81
64485,12.73,0.06,33.05,14.8,8.54,4.47,0.32,3.05,35.34,5.51,6.85
64486,16.21,0,9.09,15.9,7.2,0,0,5.91,28.57,3.7,0
64487,18.18,0.34,45.92,20.91,16.71,0,1.06,13.56,38.81,10.99,13.97
64489,17.1,1.18,14.4,21.27,18.22,2.25,4.22,10.84,18.75,6.85,14.21
64490,13.94,0,15.1,9.08,2.82,0.66,0.58,7.53,31.78,3.22,7.98
64491,20.07,0.12,23.58,18.01,12.15,2.79,1.78,2.99,22.93,7.1,10.01
64492,13.48,0.06,10,17.15,2.83,0.55,3.17,0,47.3,1.59,14.13
64493,13.82,0,42.31,28.39,14.94,0,0,9.14,87.5,3.13,14.57
64494,13.27,0,30.81,22.91,4.08,1.13,0.44,5.08,9.24,2.42,9.35
64496,10.47,0,25,54.65,1.47,0,1.67,0,,5,20.93
64497,10.33,0,1.18,13.77,36.75,0,0,2.51,50,0,45.51
64498,16.42,0.51,13.04,19.29,14.04,0,0.93,9.4,0,0,5.97
64499,10.78,0,41.67,27.45,9.76,0,0,16.67,100,38.89,13.73
64502,22.34,2.61,44.09,37.88,16.74,15.11,3.07,0.7,55.18,22.82,19.33
64501,22.34,2.61,44.09,37.88,16.74,15.11,3.07,0.7,55.18,22.82,19.33
64503,21.22,0.77,47.55,22.83,12.53,3.74,3.8,6.47,48.97,8.14,12.73
64504,16.12,2.02,32.34,23.69,15.2,1.3,3.11,6.89,40.72,7.26,16.34
64505,15.21,0.09,47.04,18.71,7.59,1.75,3.88,4.12,33.43,3.86,7.65
64508,13.04,1.37,21.03,15.16,9.97,10.6,1.15,0.65,43.97,8.77,8.35
64506,13.04,1.37,21.03,15.16,9.97,10.6,1.15,0.65,43.97,8.77,8.35
64507,12.77,1.27,40.34,22.84,8.52,6.21,0.61,1.38,37.23,8.28,10.44
64601,14.19,0.1,30.21,19.48,12.47,2.53,0.63,5.96,33.9,6.01,10.82
64620,9.74,0,2.37,17.83,3.62,0,1.61,20.41,100,0.54,9.74
64622,6,0,1.15,11.95,23.43,0,12.64,8.19,0,12.64,51.8
64623,14.78,0.79,33.33,27.44,10.62,0,0,26.9,0,5.22,11.35
64624,17.58,0,33.48,15.82,5.5,0.23,0,5.81,19.83,2.83,5.72
64625,10.26,0.15,46.67,20.55,11.52,0,4.21,7.51,14.77,12.94,11.79
64628,15.18,0.4,56.38,26.37,12.69,1.4,1.01,3.79,36.07,3.52,9.97
64630,12.98,0,45.36,20.97,9.22,0.59,0,7.94,47.62,1.25,4.33
64631,14.73,0,22.35,16.95,8.4,1.13,0.34,12.61,11.76,3.08,11.47
64632,15.12,0,41.38,15.92,5.57,0,0,14.15,0,6.74,7.16
64633,17.31,0.45,38.51,30.41,12.48,4.34,0.16,2.6,50.41,8.33,8.6
64635,14.86,0,8.49,27.49,12.67,0,1.64,20.73,31.58,4.37,13.75
64636,19.78,0,40.74,44.32,14.5,0,1.87,33.82,60,3.74,8.42
64637,12.94,0.19,12.12,14.79,6.46,0.3,2.31,18.73,14,8.8,8.87
64638,8.76,0,0,11.56,5.68,0,0.97,15.64,25.81,1.93,7.53
64639,24.2,0,22.73,29.94,11.54,0,0,5.41,100,5.06,13.38
64640,11.47,0.34,14.91,22.26,6.23,3.76,1.4,6.74,44,6.37,7.2
64641,21.72,0,20.78,12.26,7.11,0.27,2.21,10.6,41.82,6.64,9.98
64642,16.97,0,29.59,26.74,9.22,0,3.28,8.82,38.24,3.01,6.26
64643,13.06,0,16.67,13.53,10.25,0.63,0,8.41,44.12,2.51,9.5
64644,12.18,0,23.26,30.08,10.51,2.73,1.11,10.98,31.41,4.76,12.53
64645,25.78,0,50,11.72,2.59,0,0,18.87,20,0,9.38
64646,8.54,0,100,19.11,23.98,0,0,14.19,33.33,0,4.07
64647,17.03,0,94.85,15.09,8.74,0,1.62,18.93,40,2.7,7.3
64648,10.83,3.79,5.43,25.01,33.77,0.64,8.44,5.47,41.77,28.53,46.84
64649,18.26,0,65.91,30.42,9.68,0.25,0,6.11,24.14,1.53,12.12
64650,20.66,0.3,20,33.93,7.52,0,0.29,7.45,71.08,16.03,7.05
64651,14.77,0.78,12.84,12.61,6.44,0,0.42,8.25,23.08,11.72,7.57
64652,21.13,0.93,22.86,25.3,16.67,0,0.67,7.14,8.7,8.72,14.88
64653,12.63,0.53,14.66,19.2,9.81,0,0.37,9.88,7.69,1.11,6.57
64654,38,0,60,14,0,0,0,3.85,0,0,12
64655,30.86,0,0,3.7,11.35,0,0,11.11,0,1.18,0
64656,14.68,0,4.55,33.94,19.46,0,4.72,19.05,6.06,3.15,8.26
64657,5.7,0,9.03,6.65,11.55,0,1.78,5.62,18.64,1.18,11.41
64658,12.64,0,27.67,19.49,9.96,1.21,2.33,7.8,25.69,2.82,7.07
64659,4.91,0.29,16,4.73,1.53,0,3.17,8.42,3.33,0.24,1.91
64660,11.87,0,2.99,12.31,9.94,0,0,10.61,20,1.18,5.05
64661,11.56,0.6,29.53,16.89,10.81,0,2.62,13.04,39.18,3.93,11.22
64664,8.28,0,19.15,13.69,5.67,0,5.97,15.88,0,0,12.1
64667,7.02,0,25.66,40.6,5.14,0,0,3.74,70.83,13.68,6.02
64680,10.89,0,38.87,22.29,9.4,0.37,0,8.47,14.08,5.26,9.55
64668,10.89,0,38.87,22.29,9.4,0.37,0,8.47,14.08,5.26,9.55
64670,17.72,0,40.77,23.36,9.75,0.25,2.87,7.23,22,3.18,5.01
64671,15.55,0,20.2,20.84,7.95,0.75,4.79,16.74,18.1,7.06,5.01
64672,14.58,0,0,16.67,2.3,0,0,12.5,0,0,13.54
64673,16.62,0.52,12.06,24.33,11.56,4.27,1.99,6.04,33.61,4.34,13.72
64674,10.8,0,14.55,19.16,3.3,0,0,9.05,26.67,3.03,4.53
64676,16.46,0,0,6.71,5.38,0,0,7.44,,0,6.71
64679,19.11,0.96,14.88,38.62,28.68,2.56,6.63,13.08,34.48,28.31,31.85
64681,12.32,0,63.16,32.61,10.75,0,0,35.4,40,12.24,7.25
64682,11.08,0,0,14.86,19.33,0,0.57,5,,0,4.72
64683,15.48,1.28,27.14,23.63,13.78,4.4,0.64,5.33,22.89,9.39,15.33
64686,12.61,1.35,71.43,23.87,9.13,0,0,14.62,100,0,5.86
64688,10.45,0,0.6,31.99,29.05,1.21,10.23,20.16,15.38,19.07,40.18
64689,7.63,0,59.42,23.49,10.54,0,7.84,11.66,24,0,6.3
64701,18.15,0.62,29.64,16.37,10.73,2.16,2.43,6.28,46.27,6.11,11.77
64720,16.15,0,33.56,18.16,13.89,0.74,4.46,13.91,39.94,4.09,6.81
64722,16.81,0,4.44,12.01,13.5,0,10.06,20.59,0,6.29,10.7
64723,16.64,0,6.67,16.64,7.83,0,3.54,16.25,59.52,4.13,9
64724,12.8,0,49.12,29.85,14.4,4.93,0.38,11.27,35.11,1.91,8.01
64725,12.35,0,22.74,11.49,5.65,0,2.95,6.56,21.32,2.95,6.75
64726,18.26,0,86.44,11.99,9.29,0,0,7.11,11.76,0.65,11.17
64728,22.16,0,20,26.61,10.11,0,1.06,7.26,61.7,1.6,6.39
64730,17.53,0,34.95,27.61,9.3,0.84,4,10.07,38.5,10.26,8.88
64733,16.68,0,20.58,24.06,9.52,0,7.1,17.2,16.5,1.88,9.82
64734,8.63,0.08,24.53,15.22,4.85,0,2.48,3.06,32.33,2.14,6.55
64735,18.65,0.39,41.97,24.7,13.3,3.3,1.74,8.15,52.77,7.23,11.14
64738,20.53,0.25,12.68,30.19,18.23,0,0,40.72,54.55,5.54,28.02
64739,16.26,0,17.9,14.06,9.89,0,0.29,12.01,41.67,0,2.76
64740,30,0,34.66,26.42,6.7,0.18,2.99,40.02,67.07,2.86,8.92
64741,35.71,0,16.67,17.46,5.83,0,0,24.07,80,11.54,0
64742,15.4,0.19,35.04,15.62,4.63,0.4,0.56,6.82,23.65,4.14,9.5
64743,29.89,0,48.28,27.62,7.38,0,1.23,12.09,43.75,8.64,16.3
64744,22.01,0.11,13.36,36.97,13.67,0,2.82,15.41,40.74,10.46,20.85
64745,10.94,0,0,26.56,19.64,0,0,25.58,0,0,39.06
64746,16.06,0,41.24,18.22,7.49,0,2.65,2.64,20.56,1.99,6.99
64747,13.45,0,38.72,17.65,10.17,0.17,1.99,9.39,36.26,1.35,11.55
64748,19.82,0.28,34.35,25.44,21.01,0,5.82,13.11,25.7,5.97,8.33
64750,5.22,2.49,0,56.87,43.35,0,5.52,26.34,100,21.47,39.46
64752,21.7,0,28.87,19.45,15.09,0,6.53,24.34,55.56,3.67,6.11
64755,13.75,0,5.57,19.45,8.07,0,1.01,15.19,20.61,3.12,10.37
64756,15.6,0,25.56,21.23,5.79,0,1.53,20.39,13.79,1.15,13.57
64766,20.78,0,27,32.41,13.54,2.82,1.17,9.23,62.53,10.18,15.7
64759,20.78,0,27,32.41,13.54,2.82,1.17,9.23,62.53,10.18,15.7
64761,16.87,0.44,34.06,22.64,8.57,0,4.16,16.25,36.99,2.08,8.78
64762,17.53,0,14.73,27.32,12.97,0.36,1.2,11.64,31.93,4.35,12.27
64763,30.63,0,14.94,24.63,14.65,0,4.45,32.2,32.5,7.95,10.8
64767,28.82,0,32.79,19.69,25.18,0,3.3,35.35,0,0,25.2
64769,28.91,3.59,17.06,35.08,4.84,0.53,4.01,24.47,6.82,4.68,11.57
64770,20.67,0,25.34,22.83,12.21,0,0.55,8.31,23.21,5.13,9.86
64771,27.1,0,17.31,9.81,6.67,0,0,21.12,0,4.64,15.19
64772,17.76,0.38,37.3,22.34,9.57,1.51,0.77,3.5,49.36,10.72,11.25
64776,22.2,0,38.23,27.57,11.98,0.56,1.52,13.38,17.29,7.9,14.04
64778,14.18,1.23,28.68,31.87,16.27,0,7.49,31.12,0,14.97,31.53
64779,18.39,0.39,17.13,39.15,27.64,0.23,3.85,14.98,46.32,9.58,25.48
64765,18.39,0.39,17.13,39.15,27.64,0.23,3.85,14.98,46.32,9.58,25.48
64780,16.92,0,5.13,18.9,14.11,0,0,13.03,16,1.16,7.25
64781,30,1.02,0,22,23.75,0,0,20.31,0,0,21
64783,23.36,0,15.79,31.34,11.69,0,3.7,18.4,32,1.23,22.08
64784,15.05,0,26.47,30.03,13.93,0.16,3.53,26.32,59.3,3.53,16.82
64788,10.8,0,21.19,19.34,8.17,0,2.97,11.42,37.31,0.3,10.37
64790,24.72,0,6.29,39.38,9.22,0.22,1.54,25,42.86,5.13,18.1
64802,18.78,0.78,32.35,27.63,12.07,9.86,1.28,7.02,48.81,8.19,13.79
64801,18.78,0.78,32.35,27.63,12.07,9.86,1.28,7.02,48.81,8.19,13.79
64864,15.39,0.69,29.03,24.88,10.16,4.09,1.86,7.35,44.72,5.97,10.89
64804,15.39,0.69,29.03,24.88,10.16,4.09,1.86,7.35,44.72,5.97,10.89
64803,15.39,0.69,29.03,24.88,10.16,4.09,1.86,7.35,44.72,5.97,10.89
64830,9.56,0,22.78,29.47,19.11,0,7.89,11.88,44.58,11.51,11.11
64868,13.27,0.82,24.72,29.44,16.33,0.97,6.1,24.12,27.66,3.07,19.21
64831,13.27,0.82,24.72,29.44,16.33,0.97,6.1,24.12,27.66,3.07,19.21
64832,12.35,0,18.07,11.38,13.27,0,1.77,12.65,55.56,1.52,27.95
64833,34.15,0,0,0,10,0,0,6.67,0,5.26,0
64834,8.55,0,25.67,13.62,6.42,0,1.46,7.3,59.46,2.34,8.61
64835,17.37,0.94,45.74,35.64,19.88,0,4.83,6.35,53.45,6.66,18.85
64836,13.4,5.37,26.84,29.59,19.67,1.45,5.19,5.83,52,5.45,17.66
64840,12.04,0,14.83,8.7,9.36,0,0,10.78,17.99,2.95,10.17
64841,14,0,32.08,10.63,8.79,0,0,0,11.11,0,12.57
64842,15.66,2.15,35.59,19.8,14.21,0,0,19.21,22.97,5.39,22.37
64843,14.67,0.55,34.39,36.78,18.14,0,5.99,27.96,45.8,1.03,17.61
64844,17.72,1.41,13.64,23.01,13.97,0,0.71,26.26,60.2,4.83,14.18
64847,20.61,5.04,13.98,36.01,42.28,2.21,2.92,25.66,27,6.43,31.02
64848,20.18,0,50.79,37.58,5.83,0,2.06,23.32,18.18,2.06,16.85
64849,11.06,0,8.16,12.69,11.27,0,5.33,30.67,50,0,13.57
64850,12.64,1.91,24.2,23.49,14.36,5.01,3.75,7.86,37.84,7.3,15.82
64854,9.6,14.88,52.75,44.81,25.32,4.27,16.24,16.96,25.23,8.64,26.96
64855,14.54,0,33.79,11.19,10.55,0,0,9.84,37.37,1.64,7.42
64856,14.22,0.84,10.2,21.06,23.88,0.12,9.23,39.61,42.62,5.43,20.85
64857,11,0,33.33,20.87,13.06,0,3.29,13.59,0,0,6.75
64858,14.56,0,,0,0,0,0,0,,0,0
64859,14.19,0,33.79,37.65,20.32,0,5.56,40.04,62.1,0.2,5.81
64861,18.86,4.1,0,25.78,22.36,0,0,35.94,0,5.69,22.57
64862,13.2,0,10.48,18.99,12.25,0,0.28,14.89,28.25,4.67,14.73
64863,7.86,8.75,30.7,32.78,32.37,4.35,11.13,12.31,34.48,7.42,19.56
64865,20.58,0.21,21.12,28.99,11.18,0,1.6,17.05,34.22,3.36,10.35
64866,14.35,0,31.17,26.66,9.82,0,3.96,19.17,18.75,4.75,19.38
64853,14.35,0,31.17,26.66,9.82,0,3.96,19.17,18.75,4.75,19.38
64867,9.04,0,5.1,30.53,12.94,0,0.21,34.94,17.78,0.42,4.17
64870,14.46,0.44,34.39,22.95,9.57,5.99,2.65,0.51,34.27,5.04,10.66
64873,19.61,0,0.66,7.87,2.94,0,21.74,12.6,0,0,7.1
64874,23.98,0.4,53.47,39.61,16.62,2.51,8.29,7.89,17.33,13.82,5.51
65001,7.69,0,20.59,12.55,4.46,0,0,1.35,,1.63,1.21
65010,16.43,0.21,25.23,8.37,8.45,2.61,1.74,4.54,37.79,6.28,4.53
65011,21.23,0.91,7.79,36.85,47.96,0,5.87,19.83,13.21,17.04,48.53
65013,22.41,0.8,20.36,26.61,16.31,1.22,2.39,11.12,46.89,4.35,8.93
65014,19.49,0,30.36,13.67,15.65,0,1.03,13.23,29.38,7.69,8.92
65016,8.13,0,6.05,3.61,7.78,0,0,2.39,0,0,1.49
65017,20.62,0,7.58,32.11,33.76,0,1.92,46.85,0,3.85,32.94
65055,13.32,1.77,30.97,12.78,10.21,0.58,3.08,5.27,25.25,4.73,12.01
65018,13.32,1.77,30.97,12.78,10.21,0.58,3.08,5.27,25.25,4.73,12.01
65020,18.65,0.38,27.02,19.46,8.33,18.85,0.99,8.37,49.6,3.48,15.53
65023,14.53,0,18.64,12.02,15.41,0,0,10.39,15.07,5.67,7.41
65024,16.49,0,24.38,14.74,7.77,0,0,6.14,41.18,3.58,8.58
65025,11.59,0,33.16,40.16,20.72,0,2.7,24.7,54.17,1.93,23.58
65026,20.89,0.02,28.28,25.29,12.9,1.15,2.39,13.54,28.94,4.85,10.14
65032,10.44,0,3.68,9.72,8.37,0,2.1,7.87,26.87,2.1,10.06
65034,26.07,2.58,0.47,34.74,35.34,0,10.05,12.63,,22.68,36.03
65035,5.84,0,10.33,11.52,6.82,0,6.72,7.14,22.73,9.93,4.56
65038,19.77,0.26,20.06,20.36,9.45,2.12,0.28,12.68,26.01,5.75,11
65037,19.77,0.26,20.06,20.36,9.45,2.12,0.28,12.68,26.01,5.75,11
65039,9.7,0,0,10.6,4.93,0,0,1,10.61,0.93,5.71
65040,15.99,2.18,15.91,28.4,4.77,0,0,4.39,100,2.51,7.35
65041,18.32,0,24.89,13.22,10.18,1.21,1.51,12.03,30.89,2.72,3.61
65036,18.32,0,24.89,13.22,10.18,1.21,1.51,12.03,30.89,2.72,3.61
65043,14.92,0.61,28.87,18.29,12.3,1.21,1.18,18.77,29.43,3.12,6.59
65046,15.31,0,11.81,12.78,9,0,1.15,14.62,28.57,1.98,3.37
65047,9.97,0,34.1,21.7,7.55,16.81,7.21,13.69,21.83,0,19.65
65048,25.95,0,0,19.08,59.63,0,0,0,0,0,0
65049,15.33,0.49,50.52,18.74,7.22,29.66,1.17,0.77,44.87,2.44,9.68
65050,5.04,3.61,0,21.45,47.85,0,3.59,10.22,21.43,50.26,72.22
65051,11.48,0.43,19.21,19.77,7.58,1.99,2.43,6.8,33.5,4.4,7.39
65052,20.8,0,25.99,18.74,12.95,1.57,1.57,7.51,76.64,0.78,8.96
65053,6.33,0,26.06,6.97,3.18,0,0,0.93,21.88,2.83,2.5
65054,10.26,0,2.23,1.82,1.63,0,0,9.79,0,0,4.8
65058,19.42,0,6.52,7.31,9.69,0,1.74,1.45,28.13,11.19,1.39
65059,26.18,0,67.15,4.82,8.51,0,0,5.66,79.39,2.32,8.22
65061,19.06,0,33.79,35.86,23.94,0,3.86,16.7,44.44,2.15,8.26
65062,0,0,0,0,0,0,0,0,,0,0
65063,11.8,0,23.83,11.88,8.21,0,0,12.51,25.95,0.73,6.19
65064,8.26,0,61.42,4.65,7.03,0,0,9.29,0,4.78,18.17
65065,13.45,0.31,25.05,22.17,9.08,40.19,1.86,1.6,27.64,1.46,9.86
65066,17.59,0.25,21.38,16.48,13.62,0.73,0.39,9.29,37.19,5.77,6.44
65067,27.35,0,20,16.52,11.25,0,0,19.45,72.22,4.55,41.92
65068,18.67,1.47,18.88,23.31,17.65,0.61,3.31,8.18,5.88,6.29,21.3
65069,15.81,0,21.85,23.75,9.85,0,0,28.52,71.43,0.86,11.26
65072,18.2,0,38.49,26.35,13.59,6.51,2.9,13.62,52.63,1.74,11.01
65074,11.77,0.15,23.02,11.75,11.3,0.32,0.26,11.27,35.9,1.76,9.08
65042,11.77,0.15,23.02,11.75,11.3,0.32,0.26,11.27,35.9,1.76,9.08
65075,8.03,0,4.82,9.66,12.48,0,0,13.4,45.83,0.83,2.1
65076,7.12,0.41,19.15,15.96,7.6,0,0.35,0,0,10.73,9.89
65077,31.12,0,0,2.55,5.88,0,0,20.06,100,11.8,5.36
65078,15.63,0,31.9,37.39,21.56,0.34,0.91,26.57,38.86,5.22,16.46
65079,19.28,0.42,40.18,15.63,6.71,7.51,0.24,8.29,31.18,2.67,13.39
65080,5.89,0,27.44,10.65,6.72,0,0,11.31,56.34,0,5.97
65081,19.6,0.08,39.97,23.49,17.06,4.35,0.73,0.47,51.78,7.53,7.88
65082,17.61,0,5.98,18.64,17.44,2.97,6.94,17.12,21.43,4.05,5.25
65083,6.49,0,0,6.49,14.62,0,0,47.95,,0,0
65084,19.11,0.41,16.42,28.79,22.86,3.26,0.79,12.35,19.64,19.41,19.29
65085,12.67,0,4.43,7.61,8.95,2.19,3.31,12.29,34.04,4.86,2.41
65111,10.51,0.26,24.96,13.31,10.02,7.13,0.83,1.51,31.66,8.28,7.05
65108,10.51,0.26,24.96,13.31,10.02,7.13,0.83,1.51,31.66,8.28,7.05
65107,10.51,0.26,24.96,13.31,10.02,7.13,0.83,1.51,31.66,8.28,7.05
65106,10.51,0.26,24.96,13.31,10.02,7.13,0.83,1.51,31.66,8.28,7.05
65105,10.51,0.26,24.96,13.31,10.02,7.13,0.83,1.51,31.66,8.28,7.05
65104,10.51,0.26,24.96,13.31,10.02,7.13,0.83,1.51,31.66,8.28,7.05
65103,10.51,0.26,24.96,13.31,10.02,7.13,0.83,1.51,31.66,8.28,7.05
65102,10.51,0.26,24.96,13.31,10.02,7.13,0.83,1.51,31.66,8.28,7.05
65101,10.51,0.26,24.96,13.31,10.02,7.13,0.83,1.51,31.66,8.28,7.05
65110,11.18,0.76,29.23,14.33,5.98,7.33,1.69,2.33,36.12,6.33,7.07
65109,11.18,0.76,29.23,14.33,5.98,7.33,1.69,2.33,36.12,6.33,7.07
65299,9.85,1.07,33.45,41.06,4.92,28.5,1.64,3.49,57.53,8.11,8.03
65216,9.85,1.07,33.45,41.06,4.92,28.5,1.64,3.49,57.53,8.11,8.03
65212,9.85,1.07,33.45,41.06,4.92,28.5,1.64,3.49,57.53,8.11,8.03
65205,9.85,1.07,33.45,41.06,4.92,28.5,1.64,3.49,57.53,8.11,8.03
65201,9.85,1.07,33.45,41.06,4.92,28.5,1.64,3.49,57.53,8.11,8.03
65202,14.12,1.18,31.02,20.28,7.5,6.77,3.06,6.6,42.9,5.34,7.74
65218,10.06,1.34,18.76,17.95,2.88,9.92,1.52,0.57,48.15,5.93,5.46
65217,10.06,1.34,18.76,17.95,2.88,9.92,1.52,0.57,48.15,5.93,5.46
65211,10.06,1.34,18.76,17.95,2.88,9.92,1.52,0.57,48.15,5.93,5.46
65203,10.06,1.34,18.76,17.95,2.88,9.92,1.52,0.57,48.15,5.93,5.46
65215,0,0,,,0,,,,,,6.5
65230,21.56,0,27.03,18.3,19.38,0,5.58,9.23,28.57,1.4,20.47
65231,8.76,0,41.58,17.7,9.65,0,0.37,18.77,30.3,0.97,7.56
65232,23.19,0,15.38,29.47,10.06,0,0,19.55,0,0,12.08
65233,16.29,0.02,38.82,19.71,10.37,1.89,1.37,4.83,45.37,5.77,7.05
65236,19.84,0,19.43,28.52,10.66,1.11,0.36,6.88,43.41,7.85,3.52
65237,14.09,0,14.9,14.23,17.42,0,1.45,15.38,16.25,3.37,9.1
65239,10.68,0,19.43,11.15,3.9,0,0.55,30.94,34.21,0.69,4.66
65240,14.33,0,21.31,16.27,5.23,0.32,2,11.57,28.47,2.82,3.23
65243,10.62,2.14,10.03,34.62,13.05,0.75,5.28,24.95,56.36,9.88,29.67
65244,9.66,0,54.67,20.17,3.6,0,0,5.68,100,4.24,3.69
65246,12.5,0,,33.33,8.33,0,0,26.67,,5,0
65247,9.81,0,13.02,7.13,0,0,12.89,28.57,0,3.52,4.24
65248,13.73,0,41.16,23.64,8.53,1.81,0.88,11.04,46.75,3.25,6.04
65250,15.01,0,43.93,24.95,24.41,0,0,35.64,46.15,0.53,7.19
65251,14.13,0.16,21.82,15.46,12.71,3.6,0.55,11.32,40.62,4.35,10.27
65254,18.04,0.46,20.37,13.51,7.67,1.28,0,13.74,37.86,2.12,8.71
65255,13.67,0,49.11,19.04,10.98,0.85,2.46,18.09,46.47,4.46,10.92
65256,10.18,0,11.36,9.76,6.74,0,3.28,21.57,46.67,2.37,3.96
65257,11.28,0,13.52,15.55,14.07,0,1.77,26.2,41.67,0.96,14.64
65258,21.96,0.57,17.82,11.33,15.63,0,1.68,7.92,26.09,7.14,10.34
65259,19.8,0,22.93,14.01,11.06,3.24,0,21.38,27.69,2.94,6.86
65260,25.39,0,41.38,18.65,14.63,0,0,39.77,0,0,20.47
65261,10.78,0,10.88,24.66,8.09,1.1,1.8,17.88,16.46,6.96,19.36
65262,4.52,0,11.11,13.42,14.29,0,0,15.38,17.24,3.69,3.42
65263,17.74,0.21,19.7,27.03,14.19,1.38,1.72,22.71,20.51,6.57,13.93
65264,6.29,0,8.4,38.05,6.68,0,0,33.67,25,0.83,4.19
65265,19.88,0.81,35.38,23.18,12.98,2.42,1.22,3.56,38.87,6.35,12.44
65270,17.26,0.06,37.61,28.74,12.04,3.01,0.7,7.83,43.36,6.62,10.73
65274,20.33,1.29,17.7,19.49,13.26,0.36,0.79,10.92,30.71,6.04,8.25
65275,11.79,0,54.86,17.56,8.41,3.24,0.39,10.19,40.43,4.8,4.55
65276,15.36,0,31.78,17.37,10.2,0.13,0,13.13,14.71,7.25,10.91
65278,26.25,0,100,21.25,13.7,0,0,28.57,45.45,0,2.5
65279,8.51,1.12,0,5.4,3.37,0.22,0,11.73,29.17,1.66,3.95
65280,9.17,0,45.45,4.14,18.18,0,2.36,23.13,20,0,7.69
65281,21.86,0,18.33,19.97,8.97,1.04,1.18,4.02,41.51,5.11,8.44
65282,35.96,0,,57.89,4.39,0,0,45.45,,0,0
65283,13.91,0,100,20.95,5.38,0,0,37.9,100,3.4,0
65284,15.07,0.9,17.77,7.51,9.59,0,0.55,11.45,37.31,4.18,6.02
65285,33.81,0,0,10.71,6.88,0,0,16.44,,0,5
65286,41.54,0,91.49,3.08,8.43,0,0,17.72,0,0,10.77
65287,30.63,0,80.56,13.38,8.19,0,1.41,4.97,100,1.41,0.7
65302,16.65,2.34,29.66,24.14,12.5,6.19,1.59,4.08,42.95,7.84,13.13
65301,16.65,2.34,29.66,24.14,12.5,6.19,1.59,4.08,42.95,7.84,13.13
65305,3.55,1.23,9.65,18.05,5.11,0,1.51,0,34.57,0,2.55
65320,37.84,0,100,5.41,0,0,0,0,0,4.17,5.41
65321,17.93,0,7.27,12.04,5,0,2.41,10.95,45.45,0.6,1.12
65322,15.82,0,35.26,18.47,6.56,0,0.94,9.35,60,2.35,15.98
65323,18.41,0.5,21.17,29.24,13.85,0.27,1.19,14.91,39.39,4.18,13.3
65324,27.88,0,100,12.04,9.28,4.43,1.26,9.41,40.79,5.23,8.05
65325,19.05,0,10.57,21.06,9.95,1.89,1.39,9.45,45.05,5.56,5.98
65326,34.41,0,49.45,32.31,11.13,0,1.18,21.37,20.45,4.73,10.81
65329,7.54,0,0,24.58,16.3,0,1.68,21.08,0,17.65,14.8
65330,19.88,0.62,20.98,22.31,14.24,0,2.72,14.41,63.64,5.98,7.3
65332,15.38,2.49,20.15,16.03,5.73,0,3.1,10.76,35.14,1.31,6.31
65333,14.13,0,24.69,15.06,11.06,0,0,14.84,38.89,0,4.46
65334,11,3.26,1.95,13.59,6.85,0,2.49,5.99,0,1.13,9.52
65335,48.89,0,,55.64,25.78,0,0,4.35,100,1.54,5.19
65336,13.11,0.64,30.51,16.63,6.61,0.97,0.88,9.12,37.82,5,7.28
65337,11.66,7.69,31.3,26.39,19.43,0,1.05,6.75,36.45,2.56,12.93
65338,24.38,0,35.25,27.4,20,1.25,0.59,23.89,51.08,8.5,12.06
65339,18.32,0,36.67,16.58,10.29,0,0,1.34,0,1.29,7.07
65340,16.55,4.56,38.14,25.83,16.85,4.15,1.43,6.44,45.76,6.04,8.72
65344,16.95,0,44.19,17.51,4.96,0,0,17.32,20,1.32,0.56
65345,10.6,0,7.81,7.45,5.61,0,0,5.26,0,0,2.29
65347,14.16,0,22.22,16.2,10.26,0,0.54,12.86,13.89,0.27,7.73
65348,18.08,3.57,22.71,29.1,26.02,0.31,1.05,24.5,52.44,6.84,18.08
65349,27.01,1.24,25.39,30.15,15.97,8.28,0.71,4.68,67.63,12.04,5.16
65350,14.4,2.38,19.39,16.17,10.98,0,4.82,8.13,13.1,4.4,10.91
65351,14.61,0.13,11.73,12.2,11.67,4.38,1.8,8.11,21.58,5.29,10.9
65327,14.61,0.13,11.73,12.2,11.67,4.38,1.8,8.11,21.58,5.29,10.9
65354,8.03,0,11.02,6.29,9.11,0,0.4,1.97,24.47,2.38,62.54
65355,29.42,0,33.83,25.21,11.76,1.07,3.05,27.5,60.45,5.37,9.35
65360,26.52,0.98,14.57,34.1,20.66,1.14,4.17,12.94,43.77,13.33,24.45
65532,15.04,0.86,27.35,28.06,8.48,9.4,2.12,8.28,48.04,7.26,7.7
65409,15.04,0.86,27.35,28.06,8.48,9.4,2.12,8.28,48.04,7.26,7.7
65402,15.04,0.86,27.35,28.06,8.48,9.4,2.12,8.28,48.04,7.26,7.7
65401,15.04,0.86,27.35,28.06,8.48,9.4,2.12,8.28,48.04,7.26,7.7
65436,33.33,0,,0,27.78,0,0,0,,0,0
65546,22.58,0,50.91,40.23,16.01,0,7.83,34.29,68.84,4.47,26.3
65438,22.58,0,50.91,40.23,16.01,0,7.83,34.29,68.84,4.47,26.3
65439,37.86,0,0,12.86,30.53,0,0,23.64,,0,12.86
65440,11.64,0,0,6.51,20.46,0,50.64,25.1,,0,45.21
65441,18.67,0.51,23.33,25.05,14.87,0,1.64,15.65,34.9,5.95,10.11
65443,12.63,0,0,0,0,0,0,0,,0,0
65444,32.75,0,56.41,43.44,13.59,0,0,37.28,8.64,0,17.42
65446,11.51,0,0,11.51,18.83,0,0,23.53,0,0,20.5
65449,28.7,0,,37.39,8.7,0,0,18.65,0,0,18.7
65452,19.06,0,23.93,23.81,8.35,2.09,0,14.76,28.27,2.54,15.66
65453,20.7,0.95,34.12,28.46,17.63,2.44,1.47,11.37,51.74,7.33,17.03
65456,36.13,0,0,63.09,38.89,0,15.15,30.65,100,0,7.03
65457,57.61,0,,5.35,3.43,0,0,15.09,0,0,2.88
65459,16.56,0.76,24.79,21.67,12.52,0.34,4.41,18.43,48.17,7.25,13.24
65461,38.68,0,100,0,3.19,0,0,0,0,0,0
65462,28.46,0.71,30.1,21.98,12.51,0,0,21.99,30.77,1.09,10.91
65463,6.07,0,34.02,16.41,17.8,0,2.92,9.11,0,2.92,15.91
65464,41.83,0,37.93,33.65,30.97,0,0,37.54,,0,20.99
65466,21.6,0,43.73,47.67,15.56,0,3.68,17.29,8.94,1.23,11.67
65468,,0,,,,,,,,,
65470,13.12,0,20.78,15.44,7.39,0,0,23.43,5.88,1.28,9.6
65473,6.94,2.16,10.1,19.87,1.31,1.87,2.19,0.09,25.81,6.05,5.43
65479,60.14,0,,16.08,53.38,0,0,0,,0,6.99
65483,26.3,0,40.46,33.87,15.28,2.45,1.64,10.97,54.73,11.04,15.76
65484,39.71,0,,0,22.06,0,0,0,,0,0
65486,13.16,0,16.84,17.01,8.46,0,1.4,9.53,37.58,1.48,13.73
65501,34.65,0,,0,24.41,0,0,29.9,,0,13.39
65529,0,0,0,0,21.22,0,0,0,,0,0
65534,24.73,0,85.78,39.17,6.02,0,0,24.02,0,0,7.42
65535,22.83,0,15.1,18.39,20.82,0.64,5.15,33.98,34.12,3.24,16.61
65536,19.11,0.16,23.94,25.26,14.65,4.06,1.59,17.48,35.24,7.1,10.37
65541,22.87,0,0,13.31,2.34,0,0,17.09,,0,13.65
65542,22.01,0.55,11.07,36.75,20.74,2.45,3.93,18.35,36.77,12.55,23.71
65543,6.23,0,100,31.14,0,0,0,15.85,0,0,6.23
65548,20.34,0,24.01,34.21,19.32,0.39,6.76,15.5,40.79,4.18,16.72
65550,26.33,0,27.08,28.69,21.11,1.06,0.43,12.15,45.29,2.67,11.85
65552,22.7,0,44.57,35.5,7.2,0,0.12,8.99,90.15,0,10.93
65555,26.08,0,14.76,33.61,15.25,0,5.17,33.15,28.77,4.31,17.82
65556,24.82,0,19.22,30.18,15.11,0.74,3.65,28.33,17.94,4.02,13.88
65557,55.67,0,0,0,25.3,0,0,0,,0,0
65559,18.07,0.78,31.64,25.03,14.51,1.59,2.45,8.62,53.46,6.34,10.08
65560,21.54,0.04,30.48,30.13,16.97,0.56,2.92,19.54,43.58,6.2,14.12
65564,35.51,0,0,0,0,0,0,0,0,0,0
65565,27.24,0,26.95,22.41,21.62,0,1.45,22.42,43.63,5.1,16
65566,23,0,16.07,24.48,13.46,0.75,1.26,7.25,35.29,8.83,5.17
65567,28.71,0,21.64,26.32,12.04,0,0.14,53.41,19.41,16.76,22.62
65570,16.79,0.46,0,27.93,12.43,0,0,39.55,87.5,0.34,15.9
65571,17.93,0,4.49,39.9,22.25,0.3,5.55,15.51,41.05,10.55,28.27
65580,25.81,0,0,3.66,17.81,0,0,17.94,0,0,7.53
65582,19.04,0,28.92,21.46,12.59,2.39,1.22,12.86,43.27,4.99,11.26
65583,16.82,0,41.2,20.83,6.18,2.4,1.34,7.39,30.17,4.62,9.41
65584,19.14,1.46,19.44,20.62,5.56,5.95,5.81,10.29,39.7,2.1,9.81
65586,53.09,0,,0,0,0,0,0,,0,0
65588,36.82,0,34.8,29.47,25.3,0,3.5,24.8,48.6,5.54,17.53
65589,61.84,0,,88.16,17.11,0,0,38.89,100,0,26.32
65590,37.18,0,13.82,21.32,4.52,0,0,33.33,8.16,11.09,10.71
65591,10.99,0,0,35.69,13.7,0,4.62,32.53,33,2.73,13.97
65601,10.43,0,37.08,25.32,4.73,0,6.91,9.69,40.91,0.92,1.7
65603,14.69,0,0,6.99,13.71,0,0,6.25,23.08,0,34.97
65604,19.04,0,15.5,22.46,11.49,1.18,3.1,7.52,61.81,12.2,11.89
65605,21.83,0.64,19.89,22.6,16.56,1.81,2.73,11.08,43.59,4.97,15.65
65606,28.46,0,42.86,37.52,20.65,0.19,2.08,22.48,74.62,3.99,18.26
65608,17.44,0.98,20.3,22.49,17.02,0.91,1.66,9.55,43.99,2.44,12.9
65609,37.34,0,41.73,40.58,22.89,0,0,24.47,46.67,21.2,13.41
65610,15.03,0,15.93,14.53,11.95,0.13,2.1,10.94,37.12,1.49,8.68
65611,22.14,0,22.36,39.07,8.95,7.65,5.51,14.21,63.49,2.57,13.75
65612,11.61,0,0,5.5,12.63,0,0,9.91,0,0,5.3
65613,14.6,0,39.39,27.32,9.36,4.38,0.73,10.29,50.36,7.52,14.09
65614,17.28,0,28.57,23.66,8.46,0,0,8.37,86.96,3.21,8.54
65615,16.42,0.65,28.63,21.83,9.65,22.77,2.35,8.56,39.7,4.54,16.2
65616,16.42,0.65,28.63,21.83,9.65,22.77,2.35,8.56,39.7,4.54,16.2
65617,15.47,0,2.04,43.48,5.32,0,4.13,4.67,58.11,0,45.07
65618,32.33,0,,0,38.52,0,0,0,,0,19.55
65619,11.67,0.39,17.2,7.78,5.04,4.41,1.54,9.46,6.65,0.68,3.28
65620,7.93,0,0,0,11.04,0,39.74,0,,0,13.66
65622,23.76,0.22,43.05,34.23,18.4,1.41,1.21,13.92,44.7,4.79,14.68
65623,0,0,100,33.33,0,0,0,0,0,0,0
65624,12.09,2.54,0,21.43,4.44,0,0,14.25,43.48,0,6.66
65625,16.86,1.24,32.13,28.96,16.23,0.9,6.06,19.31,52.11,6.34,11.59
65626,20.95,0,40.31,41.27,23.45,0,2.72,32.38,24.39,14.57,7.73
65627,36.18,0,0,46.75,10.18,0,5.65,30.59,14.75,3.27,3.06
65629,21.86,0,55.06,30.59,18.35,0,6.39,16.62,48,1.5,11.23
65630,10.69,0.32,9.76,4.4,0.74,0,1.32,0,0,0,1.57
65631,10.51,0.1,13.52,21.48,11.3,1.15,5.21,3.02,57.76,2.02,7.54
65632,13.17,0,22.14,19.94,10.6,1.3,1.33,20.28,21.6,6.44,9.72
65675,11.8,0.29,14.18,34.65,16.61,1.72,0.74,16.16,60.18,4.15,15.85
65633,11.8,0.29,14.18,34.65,16.61,1.72,0.74,16.16,60.18,4.15,15.85
65634,20.47,0,100,16.67,5.6,0,0,34.8,80,7.33,53.86
65635,17.49,0,26.67,21.5,4.88,0,0,12.61,0,1.06,9.63
65637,9.9,0,3.43,32.31,15.66,0,5.5,20.67,15.56,5.5,14.49
65638,30.46,0,13.59,16.29,11.11,0,0,11.68,0,3.54,9.12
65640,6.45,0.92,1.5,16.29,12.34,0,4.5,12,0,9.32,18.12
65641,20.8,0,0,17.74,8.77,0,0,17.55,0,2.43,6.44
65644,17.6,0,0,25.24,9.8,0,3.3,20,14.47,7.35,7.22
65646,18.64,0,31.64,21.33,12.28,0,0.13,26.58,34.55,1.59,9.72
65647,16.1,2.31,29.97,26.34,17.34,0,6.34,14.39,41.56,2.48,12.85
65648,16.54,0,7.16,24.68,4.47,0,2.91,10.39,43.67,2.09,14.16
65649,18.7,0.23,32.09,25.56,15.19,0,0.77,16.18,65.99,0.26,9.57
65650,20.03,6.88,11.83,17.69,19.62,0,4.55,33.86,4.55,7.13,33.26
65652,14.42,0.98,14.61,22.39,10.31,0.36,1.46,15.97,30.9,3.77,9.87
65653,22.91,0,20.85,27.9,10.98,11.84,4.48,18.14,37.21,7.12,11.98
65654,19.27,3.16,5.41,16.82,18.75,1.34,0,10.07,44.19,5.8,3.98
65666,33.21,0,5.99,39.91,18.04,0.89,3.04,12.94,48.2,3.92,21.29
65655,33.21,0,5.99,39.91,18.04,0.89,3.04,12.94,48.2,3.92,21.29
65656,21.94,0,13.33,24.64,9.38,0.74,1.16,18.9,40.74,4.09,13.04
65657,11.94,0,0,46.52,25.58,0,30.11,4.67,100,0,0
65658,16.79,0,88.24,12.68,4.59,0,0,17.57,45.71,0.56,4.47
65660,5.41,0,58.33,18.47,6.81,0,0,31.1,,0,9.91
65661,19.65,0.26,34.21,37.2,14.58,0.77,4.73,15.99,36.64,8.65,12.44
65662,20.89,0,16.81,24.23,16.56,0,4.85,43.1,100,0,14.3
65663,12.47,1.1,17.46,31.74,21.49,0,9.73,23.52,21.58,5.62,16.82
65664,34.75,0,11.76,65.25,29.87,0,15.56,34.78,75,0,12.77
65667,18.42,1.27,15.46,35.76,27.2,0.25,6.75,15.74,75.22,15.61,21.49
65668,16.97,0,9.48,31.04,12.28,0,1.45,39.07,78.19,3.25,7.54
65669,16.93,0,36.46,13.41,9.46,0,4.3,15.13,20,0.37,11.18
65726,10.41,0,22.11,16.1,7.01,15.21,2.27,11.04,47.83,1.49,15.53
65672,10.41,0,22.11,16.1,7.01,15.21,2.27,11.04,47.83,1.49,15.53
65674,17.7,0,42.12,36.16,17.24,0.98,9.39,27.55,27.01,5.35,10.53
65676,25.96,0,58.02,32.73,21.59,0,0,29.83,20.59,8.7,13.54
65679,15.18,0,49.22,26.74,7.08,1.51,1,22.73,57.93,2.62,17.85
65680,29.94,0,57.76,32.01,24.03,0,0,36.36,55.17,3.31,26.71
65681,15.11,0,16.97,10.71,11.4,0,0,10.42,60,3.46,9.11
65682,10.1,0.35,17.53,24.77,9.41,2.51,2.55,7.3,35.62,4.03,10.98
65685,28.63,0,22.67,39,12.74,0,0,29.64,53.85,7.84,12.75
65686,20.13,0,43.53,19.51,9.04,6.63,0.21,9.86,37.17,4.6,5.94
65689,19.09,0,30.18,34.78,14.4,1.91,1.77,8.24,44.1,7.1,17.53
65690,62.72,0,,64.5,10,0,0,31.75,100,0,14.2
65692,25.53,0,32.03,32.07,21.46,0,0.6,14.24,73.53,1.21,18.05
65702,22.12,0,0,19.47,8.98,1.88,0,11.88,100,0,10.03
65704,21.13,0,35.48,28.36,15.75,0.66,0,10.98,46.72,7.47,18.8
65705,15.28,0,27.78,16.91,12,0.16,5.5,14.26,25.34,5.24,9.45
65706,14.1,0.16,24.92,19.01,10.03,2.01,3.22,5.68,37.01,3.79,8.3
65707,18,0,22.47,17.15,9.04,0,3.88,15.14,43.48,3.74,16.33
65708,10.56,7.04,25.42,26.2,16.12,2.31,5.06,8.93,51.72,2.2,11.45
65710,19.92,0.8,34.56,14.01,16.89,0.17,9.81,4.98,21.24,5.22,10.72
65711,23.63,1.65,39.57,29.76,16.19,1.98,0,12.56,50,5.4,10.19
65712,19.25,0,22.61,22.82,14.78,1.29,1.61,6.83,36.38,7.37,13.15
65713,15.74,0,21.01,23.69,19.86,0,2.44,23.2,30.89,3.78,9.33
65714,13.1,0.87,27.34,14.75,7.07,3.95,2.92,2.36,41.1,1.65,9.28
65715,62.5,0,,31.25,50,0,0,0,,0,0
65717,12.42,0,17.64,25.47,12.34,0,3.28,9.89,23.84,10.92,18.55
65720,27.98,0,29.82,49.07,21.94,0,4.86,18.25,57.14,0.51,16.55
65721,13.38,0.79,21.53,16.57,6.48,3.98,3.18,3.65,32.86,2.92,7.67
65722,14.22,0,6.83,16.89,7.48,0,0.55,35.85,6.82,0,8.18
65723,11.12,2.32,34.78,33.64,15,0.48,4.83,13.8,20.47,1.58,19.3
65724,49.41,0,,18.73,11.63,0,0,49.63,22.22,6.08,7.46
65725,11.78,0,19.68,6.38,4.15,0,1.16,4.83,25.89,2.16,8.53
65727,31.14,0,,16.17,8.38,0,0,0,,0,0
65728,,0,,,,,,,,,
65729,15.38,0,,15.98,0,0,0,0,,0,0
65730,0,0,,0,0,0,0,0,,0,0
65731,16.8,0,25.58,36.4,17.39,0,0,26.5,38.3,0,17.6
65732,20.62,0,13.52,18.17,12.82,0.62,0,15.46,54,3.43,12.71
65733,29.78,0,28.41,40.93,15.75,0,5.51,35.03,100,5.51,11.94
65734,19.5,3.67,45.84,30.88,29.39,0.21,2.08,23.6,40.79,5.74,5.72
65735,8.85,0,0,62.83,0,0,0,12.73,86.21,6.52,7.96
65737,23.91,0.05,7.79,24.26,13.03,4.79,2.66,14.01,40.53,5.89,10.86
65738,14.22,0,35.67,21.85,6.95,9.27,2.57,3.37,51.82,2.86,8.99
65739,25.78,1.35,21.74,22.15,6.49,14.66,0,13.12,0,0,13.73
65673,25.78,1.35,21.74,22.15,6.49,14.66,0,13.12,0,0,13.73
65740,20.56,0.24,52.07,36.45,13.54,4.86,5.09,26.11,47.45,4.61,22.32
65742,10.95,0.72,26.41,18.5,6.68,1.58,0.4,8.61,34.5,2.64,12.21
65744,11.63,0,0,10.47,6.06,0,0,20,0,0,0
65745,15.14,0.08,18.85,40.59,21.73,0,8.52,32.97,30.61,5.13,33.94
65746,12.41,6.72,10.02,43.25,26.18,2.33,12.87,12.93,51.06,16.09,40.61
65636,12.41,6.72,10.02,43.25,26.18,2.33,12.87,12.93,51.06,16.09,40.61
65747,14.92,1.36,23.66,25.03,7.31,0,0,16.73,32.05,1.71,5.34
65752,16.84,0,28.57,8.42,2.65,4.65,0,16.86,10.71,5.92,15.79
65753,18.29,0.38,27.74,20.96,9.21,0,1.84,9.87,44.97,3.96,9.96
65754,7.4,0,20.48,13.08,9.02,0,0,7.08,100,6.19,6.37
65755,21.38,0,67.27,10.4,2.7,0,0,24.44,0,0,3.51
65756,28.12,0,55.22,14.76,11.86,0,6.01,26.89,30.77,0.71,11.53
65757,8.65,0.07,26.01,14.71,6.27,0.81,1.31,5.86,40,3.02,5.34
65759,17.33,0.18,28.44,25.39,14.54,0,9.98,29.13,26.87,3.18,12.98
65760,33.38,0,0,32.55,28.55,0,5.57,18.79,0,0,10.8
65761,35.53,0,0,45.05,14.13,0,0,14.36,58.82,4.68,10.27
65762,22.11,0,58.54,45.98,15.22,0,0,11.4,0,8.67,14.82
65764,16.83,0,14.77,37.62,27.85,0,7.19,31.34,60.87,12.99,41.16
65766,19.1,0,100,29.21,50.63,0,0,37.86,,15,43.82
65767,26.14,0.91,60.78,28.2,7.03,0,0,30.62,56.86,4.35,11.71
65768,27.78,0,2.31,38.89,14.17,0,2.79,16.94,86.67,5.59,7
65769,20.96,4.14,37.87,41.17,20.87,0.34,1.39,20.46,37.67,7.62,17.8
65770,14.23,0.44,10.61,16,15.82,0.08,0.89,13.21,59.66,4.28,9.92
65645,14.23,0.44,10.61,16,15.82,0.08,0.89,13.21,59.66,4.28,9.92
65771,13.41,0.57,16.05,12.48,4.08,0,0,5.84,,4.2,6.12
65772,15.84,0,40.76,27.53,12.61,0,6.64,22.45,20.27,1.78,18.14
65773,8.85,0,0,40.46,6.36,7.9,0,24.32,100,4.31,10.34
65741,8.85,0,0,40.46,6.36,7.9,0,24.32,100,4.31,10.34
65774,16.55,0,17.46,30.54,14.81,0,0.96,18.33,70.83,1.73,14.87
65775,19.16,0.24,19.61,31.19,12.08,3.58,1.17,13.81,41.23,6.32,15.8
65688,19.16,0.24,19.61,31.19,12.08,3.58,1.17,13.81,41.23,6.32,15.8
65777,56.8,0,0,70.8,0,0,0,21.77,,0,40.8
65778,25.48,0,31.82,43.68,16.42,0,2.31,22.52,100,13.43,18.84
65779,24.57,0,36.21,24.02,11.09,0,3.3,41.16,36.45,0,9.4
65781,12.46,0.36,13.23,13.58,5.91,6.55,2.26,4.7,40.32,1.1,6.87
65783,31.55,0,0,24.4,0,0,10.71,0,0,0,4.17
65784,20.83,0,,41.67,58.33,0,0,35.71,100,50,20.83
65785,22.37,0,16.52,25.03,13.71,1.94,1.21,27.09,38.94,4.53,12.21
65607,22.37,0,16.52,25.03,13.71,1.94,1.21,27.09,38.94,4.53,12.21
65786,18.43,0.26,23,14.69,6.9,4.27,1.47,18.25,10.99,1.34,10.84
65787,16.06,0.67,7.95,17.82,4.37,0,0,6.17,60.58,4.32,8.19
65788,14.45,0,24.74,9.14,3.95,0,0,16.88,100,0,18.29
65789,20.57,0,41.64,39.93,11.04,0,0,34.34,69.33,8.58,12.61
65790,21.69,0,0,56.91,8.41,0,0,28.19,100,3.23,11.05
65791,19.82,0,20.88,37.56,10.82,0.22,3.83,10.89,62.37,4.41,14.47
65793,27.82,1.02,22.02,27.73,12.73,2.34,2.92,16.12,29.34,9.98,13.4
65805,15.28,0.73,33.05,30.06,12.35,7.11,3.59,3.47,49.85,8.3,14.62
65802,15.28,0.73,33.05,30.06,12.35,7.11,3.59,3.47,49.85,8.3,14.62
65801,15.28,0.73,33.05,30.06,12.35,7.11,3.59,3.47,49.85,8.3,14.62
65898,19.37,0.34,31.67,30.07,10.57,9.31,1.85,3.49,48.16,10.9,13.65
65803,19.37,0.34,31.67,30.07,10.57,9.31,1.85,3.49,48.16,10.9,13.65
65899,15.29,0.28,29.5,20.8,3.42,16.92,1.51,2.38,48.98,6.49,8.27
65890,15.29,0.28,29.5,20.8,3.42,16.92,1.51,2.38,48.98,6.49,8.27
65814,15.29,0.28,29.5,20.8,3.42,16.92,1.51,2.38,48.98,6.49,8.27
65808,15.29,0.28,29.5,20.8,3.42,16.92,1.51,2.38,48.98,6.49,8.27
65804,15.29,0.28,29.5,20.8,3.42,16.92,1.51,2.38,48.98,6.49,8.27
65806,19.79,1.03,43.08,59.45,14.94,39.97,5.69,0.56,60.69,17.74,20.39
65897,13.64,0.63,41.73,25.36,6.13,23.06,2.91,0.67,50.15,7.39,12.93
65817,13.64,0.63,41.73,25.36,6.13,23.06,2.91,0.67,50.15,7.39,12.93
65807,13.64,0.63,41.73,25.36,6.13,23.06,2.91,0.67,50.15,7.39,12.93
65809,10.12,0.22,13.32,5.55,1.49,2.8,0.97,1.15,50.83,3.67,4.56
65765,10.12,0.22,13.32,5.55,1.49,2.8,0.97,1.15,50.83,3.67,4.56
65810,11.07,2,12.45,8.74,3.91,11.5,2.92,0.4,32.03,3.84,6.34
